--
-- Daten für Tabelle `mitgliedstatus optional`
--
SET FOREIGN_KEY_CHECKS = 0;

INSERT INTO `mitgliedstatus` (`mitgliedstatusID`, `bezeichnung`) VALUES
(1, 'Trainee'),
(2, 'aktives Mitglied'),
(3, 'Senior'),
(4, 'passives Mitglied'),
(5, 'Alumnus'),
(6, 'Ausgetretene');

--
-- Daten für Tabelle `berechtigung`
--

INSERT INTO `berechtigung` (`berechtigungID`, `bezeichnung`, `beschreibung`) VALUES
(1, 'Mitgliederverwaltung', 'Mitglieder hinzufügen, löschen, beliebige Profile bearbeiten'),
(2, 'PL/QM Tool', 'PL/QM-Befähigungen eintragen (anschauen kann jeder)'),
(3, 'MM-Tracking', 'MM-Tracking eintragen (anschauen kann jeder)'),
(4, 'Workshopverwaltung', 'Workshops eintragen, Teilnehmer auswählen, Feedbackphase starten, Feedback einsehen'),
(5, 'Ausgetretene', 'Ausgetretene Mitglieder sehen'),
(6, 'Finanzdaten', 'Finanzdaten aller Mitglieder sehen'),
(7, 'Vertragsablage', 'Vorhandensein von Beratungsvertrag, Teamvertrag und VfM bei Projekten in der Abrechnungsphase markieren'),
(8, 'Terminverwaltung', 'Termine hinzufügen, bearbeiten, Anmeldungen einsehen, WW eintragen'),
(9, 'Traineebewerbung', 'Backend des Traineebewerbungstools einsehen (aber keine Rechte zur Änderung)'),
(10, 'Hilfetexte', 'Beliebiger Hilfetexte der MDB bearbeiten'),
(11, 'Dokumentenablage_QM', 'Vorhandensein von AP, Evaluation, DL und Angebot bei Projekten in der Abrechnungsphase markieren, außerdem QM-Freigabe und Abweichung vom Standard setzen'),
(12, 'HCW-Bewerbung', 'Backend des HCW-Bewerbungstools einsehen (aber keine Rechte zur Änderung), Bewerber einsehen und löschen'),
(13, 'CRM', 'Alle Unternehmen (auch geheime) sehen und bearbeiten, Ansprechpartner und Kontaktaufnahmen eintragen'),
(14, 'Traineewahl', 'Wahl von Mentor, Ressort und IP für neue Traineegenerationen starten und auswerten'),
(15, 'Interne Projekte', 'Interne Projekte verwalten'),
(16, 'Traineebewerbung Admin', 'Traineebewerbung starten, Bewerber einladen, Beweber als Trainees aufnehmen'),
(17, 'HCW-Bewerbung Admin', 'HCW-Bewerbung starten, Beratungen/Accounts hinzufügen'),
(18, 'Mitgliedsaufnahme', 'Trainees nach Erfüllung aller Kriterien im Traineebereich als Mitglieder aufnehmen'),
(19, 'Projektausschreibung', 'Projekte ausschreiben, nach Bewerbungsphase Projektteam zusammenstellen, bestehende Projekte bearbeiten'),
(20, 'Mitglieder-Notizen', 'Notizen zu Mitgliedern (auf der Profilseite) sehen und bearbeiten'),
(21, 'Projektbewerbungen', 'Projektbewerbungen für aktuelle und alte Projekte einsehen'),
(22, 'Projektabrechnung', 'Projektabrechnungsphase starten und beenden, Checkpoints zu Überweisungen/Zahlungsverzug setzen'),
(23, 'Kuratorenverwaltung', 'Kuratoren anlegen, bearbeiten, entfernen und die geschützten Dokumentations-Felder für Kuratoren sehen'),
(24, 'Innovationsmanagement', 'Eingereichte Ideen einsehen, bewerten, Status ändern'),
(100, 'MDB-Admin', 'Diverse Berechtigungen zur technischen Administration und Entwicklung der MDB');

--
-- Daten für Tabelle `evposten_has_berechtigung`
--

INSERT INTO `evposten_has_berechtigung` (`evposten_evpostenID`, `berechtigung_berechtigungID`, `canDelegate`) VALUES
(1, 1, 0),
(1, 2, 0),
(1, 3, 0),
(1, 4, 0),
(1, 8, 1),
(1, 9, 0),
(1, 10, 0),
(1, 14, 0),
(1, 15, 0),
(1, 16, 0),
(1, 18, 0),
(1, 20, 0),
(1, 21, 0),
(1, 23, 0),
(2, 4, 1),
(2, 8, 0),
(2, 10, 0),
(2, 11, 1),
(2, 15, 0),
(2, 24, 1),
(3, 6, 1),
(3, 7, 1),
(3, 10, 0),
(3, 22, 0),
(4, 2, 1),
(4, 3, 0),
(4, 8, 1),
(4, 10, 0),
(4, 13, 1),
(4, 19, 0),
(4, 21, 0),
(8, 10, 1),
(8, 100, 0),
(10, 1, 1),
(10, 2, 1),
(10, 3, 1),
(10, 4, 1),
(10, 5, 0),
(10, 8, 1),
(10, 9, 1),
(10, 10, 0),
(10, 12, 1),
(10, 14, 0),
(10, 15, 1),
(10, 16, 1),
(10, 17, 1),
(10, 18, 0),
(10, 20, 0),
(11, 3, 1),
(11, 4, 0),
(11, 8, 0),
(11, 23, 1),
(14, 10, 0),
(44, 2, 1),
(44, 3, 0),
(44, 8, 1),
(44, 10, 0),
(44, 13, 1),
(44, 19, 0),
(44, 21, 0);

--
-- Daten für Tabelle `mitglied`
--
INSERT INTO `mitglied` (`mitgliedID`, `vorname`, `nachname`, `name`, `passwordHash`, `passwort`, `icalToken`, `geschlecht`, `geburtsdatum`, `handy`, `fax`, `jbt_email`, `mitgliedstatus`, `generation`, `internesprojekt`, `internesprojekt_alt`, `mentor`, `trainee_seit`, `mitglied_seit`, `alumnus_seit`, `senior_seit`, `aktiv_seit`, `passiv_seit`, `ausgetreten_seit`, `ressort`, `arbeitgeber`, `strasse1`, `plz1`, `ort1`, `tel1`, `email1`, `strasse2`, `plz2`, `ort2`, `tel2`, `email2`, `hochschule`, `studiengang`, `studienbeginn`, `studienende`, `vertiefungen`, `ausbildung`, `kontoinhaber`, `iban`, `bic`, `engagement`, `bemerkungen`, `austritt`, `austrittsdatum`, `bild`, `canPL`, `canQM`, `lastchange`, `sonstige_ws`, `fuehrerschein`, `fuehrerschein2`, `fuehrerschein3`, `ersthelferausbildung`, `wahl_mentor`, `wahl_mentor1`, `wahl_mentor2`, `wahl_mentor3`, `wahl_internesprojekt`, `wahl_internesprojekt1`, `wahl_internesprojekt1_motivation`, `wahl_internesprojekt2`, `wahl_internesprojekt2_motivation`, `wahl_internesprojekt3`, `wahl_internesprojekt3_motivation`, `wahl_ressort`, `wahl_ressort1`, `wahl_ressort2`, `wahl_ressort3`, `notizen`) VALUES
(8111, 'Brandon-Lee', 'Frye', 'b.frye', '$2a$12$/4OHURoKD6FUk3hSg2u4yeAS.tdQADr/VIpA1G.je.uz3S8D915sy', 's3cre7', '5d8e7e7cd6b', 1, '1990-06-06', '0162/9846320', NULL, 'b.frye@studentische-beratung.de', 1, NULL, NULL, 'Alumni Management', NULL, '2011-05-01', '2012-12-01', NULL, NULL, '2012-12-01', NULL, NULL, 5, 'Versicherung International', 'Woodsman Ave 61', '70364', 'Stuttgart', NULL, 'brandon-lee@gmx.de', 'Budapester Straße 96', '987654', 'Reinesland Deutschland', '07042/984365', 'brandon-lee@gmx.de', 'Universität Hohenheim', 'Master of Financial Management', '2014-10-01', NULL, 'Controlling und Unternehmensrechnung', NULL, '8912203a67b608ee8b1dc826b18df9ab1fa18cc28199268a80279cc543d838b280756f78ae495347663fad487573ab72d763e0b553931d883f4dd70acb45eb4a', '730984d2477de277a9d8c15860b9b703320d0195d898e0c64bf48856f425cb6cdf21240ed6d6c20b42d033bf8b623c4ec3dd9add15f9fbef743d1861e25cf703', '0ba933576f9624335f5b6773310f7429345a051310d9179c132c33c9e4b14c78822d5134d3ffa7b345f13f9b6906215f61aa605b0ea823844ccc47e7684d8a35', NULL, NULL, NULL, NULL, '.jpg', '2013-12-23', '2013-12-23', NULL, '', 0, 0, 0, 0, NULL, NULL, NULL, NULL, NULL, NULL, NULL, NULL, NULL, NULL, NULL, NULL, NULL, NULL, NULL, NULL),
(8167, 'Wolfgang U', 'Luft', 'w.luft', '$2a$12$/4OHURoKD6FUk3hSg2u4yeAS.tdQADr/VIpA1G.je.uz3S8D915sy', 's3cre7', '665662e7286f7', 1, '1989-09-08', '0176/913645', NULL, 'w.luft@studentische-beratung.de', 2, NULL, NULL, 'Internetmarketing', NULL, '2009-11-01', '2010-04-01', '2017-02-01', '2012-12-01', '2010-04-01', NULL, NULL, 4, NULL, NULL, '70346', 'Stuttgart', NULL, NULL, NULL, NULL, NULL, NULL, 'luft.pumpe@googlemail.com', 'Universität Hohenheim', 'Wirtschaftswissenschaften', '2014-10-01', '2016-07-01', 'Master of Science - Marketing', NULL, '91d6acb750cec702349912cd407d0bb7bab76b90173bbc5163ea0d08077504334dcbc2bb8ed08f46d55000f177f19afdc709e4fa0fffbd2658ebaa916222a335', '44c298e9ac045d57fe9ddd7ebbef1d471e406e47fc2c088d678b18c22f7d6b037ed04472a46dcac78539649603e2d7e037edb42e9d33385261ae567b2464009c', 'a23391069c7439c209da55e1ff721ff630e4b7bfc956eba0e2b1b7854415eea33125047099da7d986de1386c97911ed3be032ae6f029567ced0899c6f57d8172', NULL, '11/09 - 04/10: Human Resources Team\r\n12/09 - 04/11: Social Network Team\r\n04/10 - 12/10: Akquise &amp; Unternehmensbetreuung für den Bund-Kongress 2010 in Berlin', NULL, NULL, '.jpg', '2011-08-08', '2013-01-01', NULL, 'JBT - Angebotsworkshop<br />\r\nExtern: Projektmanagement<br />\r\nExtern: Disjoint Analysen<br />\r\nExtern: Online-Studien erstellen<br />\r\nExtern: Spass<br />\r\nExtern: Quantative Marktforschung<br />\r\nExrern: Qualitative Marktforschung', 0, 0, 0, 0, NULL, NULL, NULL, NULL, NULL, NULL, NULL, NULL, NULL, NULL, NULL, NULL, NULL, NULL, NULL, '- Nur auf Projekte aus, trotz Anwesenheit keine Hilfe bei Büroumgestaltung, mangelndes Vereinsengagement [18.09.2014 Alge Knossi]'),
(8222, 'Talha', 'Driscoll', 't.driscoll', '$2a$12$/4OHURoKD6FUk3hSg2u4yeAS.tdQADr/VIpA1G.je.uz3S8D915sy', 's3cre7', 'd09cac62950bc', 0, '1985-03-27', '0163/93816', NULL, 't.driscoll@studentische-beratung.de', 3, NULL, NULL, 'CaprellyTrophy', NULL, '2006-10-01', '2007-05-01', '2012-05-01', NULL, '2007-05-01', NULL, NULL, 8, 'Discord', 'Schoenebergerstrasse 4', '18408', 'Stralsund', NULL, 'jboao7wpmmg@meantinc.com', 'Pohlstrasse 28', '67412', 'Schuhaufen im Jobcenter', NULL, 'driscoll.thali@gmail.com', 'Universität Hohenheim', 'Wirtschaftswissenschaften', '2006-10-01', '2012-03-01', 'Controlling,, \r\nExterne Unternehmensrechnung und Bewertung,\r\nBusiness Optimization,', NULL, 'a23391069c7439c209da55e1ff721ff630e4b7bfc956eba0e2b1b7854415eea33125047099da7d986de1386c97911ed3be032ae6f029567ced0899c6f57d8172', '94c58630a2ef5e88e784a71fcf308f32bd15dc8ea2ba73579450982bc0aa00d461069d415277d431190b4cc304c16770c7cf1e73fc4edf1951e54b604d575f83', '9cb03ed17c2e53c6e5792a8015f748b51a2e4df9564fb734442fd012faea87760cf4e70f33b1ee2f34ab130a4c3262cfbaa56dc4e65427a99f124b79ce5ba988', NULL, 'Mentor von 10/07 bis 2011\r\n\r\nRessortleiter Mitglieder von 04/08 bis 04/09\r\n\r\nKassenprüfer im Bund Geschäftsjahr 2009\r\n\r\nWorkshopleiterin Internes im Bund Geschäftsjahr 2009\r\n\r\nPA Beauftragte 2009\r\n\r\nQM auf internen Projekten (WS 07/08, SS 08, WS 09/10)', '', NULL, '.jpg', '2009-07-28', NULL, NULL, 'Jaguar F-Type<br />\r\nAssessment Center<br />\r\nUnreal AG <br />\r\nBewerbungstrainig WS<br />\r\nExcel WS mit Omega e.V.<br />\r\nGedächtnistraining WS <br />\r\nTeambuilding WS<br />\r\nPhotoshop WS<br />\r\nExcel WS<br />\r\nAngebotsworkshop (mit Aman Dalton)<br />\r\nAngebotsworkshop (mit Aayat Rosa, Maximilian Small)<br />\r\nKommunikation I (UWE)<br />\r\n', 0, 0, 0, 0, NULL, NULL, NULL, NULL, NULL, NULL, NULL, NULL, NULL, NULL, NULL, NULL, NULL, NULL, NULL, NULL),
(8320, 'Radhika', 'Norton', 'r.norton', '$2a$12$/4OHURoKD6FUk3hSg2u4yeAS.tdQADr/VIpA1G.je.uz3S8D915sy', 's3cre7', '0abf95168ead', 1, '1990-07-17', '0170/636482', NULL, 'r.norton@studentische-beratung.de', 4, NULL, NULL, 'Pro Bono Projekt bei der Hilfsbereiten e.V. (SS10)', NULL, '2010-05-01', '2011-01-01', NULL, '2012-12-01', '2011-01-01', '2014-12-08', NULL, 1, 'Husslérs & Partners', 'Lietzensee-Ufer 37', '01614', 'Strehla', '0711/3642019', 'norton.security@googlemail.com', 'An Der Urania 86', '37124', 'Rosdorf', '02651/362015', 'norton.security@googlemail.com', 'Universität Hohenheim', 'Management (M.Sc.)', '2009-10-01', '2012-07-01', 'Management\r\nManagement Insights', NULL, 'c414105b81d10b9bc514c245cf4f4e3fd7509fccea940a97cef21f5fc0f9f401f4c25309b882a3db9ae46193feeb8b8b293af0b834732f83608bac3a7b6e9efe', '6639b25b55b2db0bd3fb1bb2ae2c86ea1c03e6c444ad554e9eba9e3899edf4ed003dc62811486f859f9f4dec9b6f9f0b72e787ae8987e71a5b0e751634e55412', 'f2cea79dac02f931f69ff5d050f1b55896de9b10455828b40df05c1f464a711343df7a62e25fb59320698c7f2edd573a6cb3a8b5e36e250c80f6ce4542338b55', NULL, NULL, NULL, NULL, '.jpg', '2012-08-01', '2013-02-02', NULL, 'Powerpoint<br />\r\nInnovationsmanagement<br />\r\nMarketing - Situationsanalyse<br />\r\nPlan-Spiel Männerframinstitut: Prozessoptimierung', 0, 0, 0, 0, NULL, NULL, NULL, NULL, NULL, NULL, NULL, NULL, NULL, NULL, NULL, NULL, NULL, NULL, NULL, NULL),
(8324, 'Miruna', 'Decker', 'm.decker', '$2a$12$/4OHURoKD6FUk3hSg2u4yeAS.tdQADr/VIpA1G.je.uz3S8D915sy', 's3cre7', '26d39424caa78', 1, '1989-03-23', '0176/364203', NULL, 'm.decker@studentische-beratung.de', 5, NULL, NULL, 'Internes Audit & Management Review (Projektleiter)', NULL, '2011-05-01', '2011-10-01', '2015-06-22', '2012-12-01', '2011-10-01', NULL, NULL, 6, NULL, 'Marseiller Strasse 87', '86744', 'Hainsfarth', NULL, NULL, NULL, NULL, NULL, NULL, 'miruna.decker@gmail.com', 'Universität Hohenheim', 'Wirtschaftswissenschaften', '2010-10-01', NULL, 'Marktorientiertes Management;\r\nInformation Systems;\r\nInterne Managementfunktionen', NULL, '5494be452df4aed7bd21edd7b251a843f04d142e5fac57aa4578b84cb6d6361d323a687c570d25b06e3971a98782c4dd4b4d831b655ea0e6a472c23f9fd74bc6', '21aae1d97b10ddba94d3bc839ae59476e29001783866025ce46d8e52c37f7bd6e455bf0f92d577fdce2e4b0dda6db31f86797f859af929721e4ece644ddcb3a7', 'b10406aea81a58c5e5f53660616522a40f7e9cbbf8171f8d57b947bb75f7005f1181a08dad25507f2a19b187ac8fbfb0a3ca8eaaa8f567244511f49424dcf96c', NULL, NULL, NULL, NULL, '.jpg', '2013-07-26', NULL, NULL, 'Candle Light Dinner Workshop (Bromid 04/11)<br />\r\nProzessmanagement (Planspiel Prof. Dr. Winter 05/11)<br />\r\nBusinessplan (Omega e.V. 07/11 und 10/11)<br />\r\nZweitägige Auditorenschulung (Dr. Sommer 10/11)<br />\r\nAssessment-Center-Schulung (MinMax 10/11)', 0, 0, 0, 0, NULL, NULL, NULL, NULL, NULL, NULL, NULL, NULL, NULL, NULL, NULL, NULL, NULL, NULL, NULL, NULL),
(8331, 'Jorja', 'Bautista', 'j.bautista', '$2a$12$/4OHURoKD6FUk3hSg2u4yeAS.tdQADr/VIpA1G.je.uz3S8D915sy', 's3cre7', 'f668fa3c5a2648', 0, '1987-06-05', '0176/6547935', NULL, 'j.bautista@studentische-beratung.de', 5, NULL, NULL, 'Messekonzept (Projektleiterin)', NULL, '2009-11-01', '2010-05-05', '2016-01-18', '2012-12-01', '2010-05-05', '2015-06-18', NULL, 4, NULL, 'Chausseestr. 30', '17081', 'Altentreptow', NULL, 'j.bautista@studentische-beratung.de', 'Hoher-Baumweg 9', '72202', 'Nagold', '07452/67528', 'jorjabautista@web.de', 'Universität Stuttgart', 'Mathematik, Beifach BWL', '2006-10-01', NULL, NULL, NULL, 'b4c80d202fdf3dcd919a3dd36e302b77c2e73355e5ce2c5fdf2aad6bdd1525b5de2e943264d998653483dcd9db7eb32d6fbcf15cfcdd83ceb80220de1287cd64', 'eda82a0dc6aa3284462f308c2e2e29fe3ff15e14a5f85027e7723325de543b5931c7d4f446bb6190f5256b8e40e88bb93c3384a563f5bddf51eb1cc694410d0a', 'd658ff58c5dca9d5a88cfd8e732a84f0ad114c13df414e68c184b7da931b89e15f756ed30e4a02d0ba7af4c32eca2acdaab1d3ba8cc52d180dbca1f18e067907', NULL, '-Projektakquise\r\n-Mitgestaltung JBT-Leistungsportfolio\r\n-Case Betreuung/Bewertung am JBT-Bewerberwochenende', NULL, NULL, '.jpg', '2010-06-01', '2013-01-15', NULL, 'Aktien HCW<br />\r\nFinancial Worklife-Sleep-Balance<br />\r\nAngebotsworkshop<br />\r\n', 0, 0, 0, 0, NULL, NULL, NULL, NULL, NULL, NULL, NULL, NULL, NULL, NULL, NULL, NULL, NULL, NULL, NULL, NULL),
(8338, 'Mariana', 'Macdonald', 'm.macdonald', '$2a$12$/4OHURoKD6FUk3hSg2u4yeAS.tdQADr/VIpA1G.je.uz3S8D915sy', 's3cre7', 'b4dfcc855d99b47', 1, '1984-10-06', '0170/987423', NULL, 'm.macdonald@studentische-beratung.de', 5, NULL, NULL, 'Jahresbericht 2007', NULL, '2007-05-01', '2007-12-01', '2011-11-01', NULL, '2007-12-01', NULL, NULL, 7, 'Bad Reichenhaller', 'Langenhorner Chaussee 26', '83295', 'Traunreut', '0151/1349756', 'mariana-macdonald@reichenhaller.com', 'Schmarjestrasse 40', '04892', 'Falkenberg', '0170/123648', 'm.macdonald@gmail.com', 'Universität Hohenheim', 'Wirtschaftswissenschaften', '2005-10-01', '2011-11-01', 'Rechnungswesen &amp; Finanzierung, \r\nBanklehre, \r\nWirtschaftsethik', NULL, 'a1fe60679c2965b58f7114844b2e5319b640c2840942c8094068dedd188dda6651eff860919a96a0a395ebce737d9d4dad2828c495b5202e31c0c4150985ecdc', 'dfdd871773d0daee49e479412e78e1cbd77184b48cda187b5e52caad059729ea7cb68ee8e8049e4b63143e6b51afe815dd0348cd9d932478b9ea7941c638a3d2', 'd664d2b9e276345155097b8959baadc18bad5fc9fea9fd9257d42a205958bc61f36694e37fb9f4dcfa8ee8ea69c0478a8ab74712dc4cb5d88bf38db32e8d94fe', NULL, '1. Vorstand 2008', '', NULL, '.jpg', '2010-03-01', '2010-07-26', NULL, 'Jaguar F-Type<br />\r\nZeitmanagement<br />\r\nAlumni Workshop - Strategic Consulting Skills<br />\r\nAlumni Workshop - Teamwork & Personal Development<br />\r\nRPG - Self-Assessment - Assessment - Feedback<br />\r\nPeperoni - M&M Fallstudie<br />\r\nMcNugges Case Contest 2008<br />\r\nTeambuilding II<br />\r\nBoss Consulting Group - Firmenvortrag: Risikomanagement im Finanzdiensleistungssektor<br />\r\nHusslérs & Partners - Projektmanagement<br />\r\nFitness Center Hohenheim - Moderations Workshop<br />\r\nA.T.u.T. Kidney - Post Merger Integration<br />\r\nRPG IT Advisory - Synergien durch IT Shared Service Center nach einem Merger<br />\r\nThe Boss Consulting Group - Indien gibt Gas<br />\r\nAlumnus Workshop - Proposal Training<br />\r\nExcel Schulung WW WS0809<br />\r\nStruktur Management Partner - Federleicht GmbH Turnaround Konzept<br />\r\nRPG Advisory - Marktanalyse/Research WS', 0, 0, 0, 0, NULL, NULL, NULL, NULL, NULL, NULL, NULL, NULL, NULL, NULL, NULL, NULL, NULL, NULL, NULL, NULL),
(8364, 'Jimmie', 'O\'Brien', 'j.obrien', '$2a$12$/4OHURoKD6FUk3hSg2u4yeAS.tdQADr/VIpA1G.je.uz3S8D915sy', 's3cre7', 'ebf270b1765', 0, NULL, '0157/316469', NULL, 'j.obrien@studentische-beratung.de', 6, NULL, NULL, 'Pro Bono / Soziales Engagement', NULL, '2009-11-01', '2010-07-21', NULL, NULL, '2010-07-21', NULL, NULL, 2, NULL, 'Knesebeckstrasse 42', '57641', 'Oberlahr', NULL, 'jimmie@obrien.de', 'Scharnweberstrasse 74', '69221', 'Dossenheim', '07195/646985', 'jimmie.obrien@gmx.de', 'Universität Hohenheim', 'M. Sc. Kommunikationsmanagement', '2013-10-01', '2016-03-01', 'Public Relations, Kommunikationsstrategien & -Planung, Kommunikations-Controlling, interaktive Medien- und Online-Kommunikation', NULL, NULL, NULL, NULL, NULL, 'verantwortlich für Pressemitteilungen, Pressekontakte und Interviews (seit Januar 2010 bis Mitte 2011)', 'Letzte Ressortzugehörigkeit: MAR', NULL, '.jpg', NULL, NULL, NULL, 'Pressemitteilung (Prof. Ast)<br />\r\nAngebots- und Vertriebsworkshop (JBT)<br />\r\nInnovationsmanagement (Unreal AG)<br />\r\nStrategiefindung im Electronic Games Market (EA)', 0, 0, 0, 0, NULL, NULL, NULL, NULL, NULL, NULL, NULL, NULL, NULL, NULL, NULL, NULL, NULL, NULL, NULL, NULL),
(8478, 'Kellan', 'Mclaughlin', 'k.mclaughlin', '$2a$12$/4OHURoKD6FUk3hSg2u4yeAS.tdQADr/VIpA1G.je.uz3S8D915sy', 's3cre7', 'ebf270b17152', 0, '1984-06-28', '0176/3364520', NULL, 'k.mclaughlin@studentische-beratung.de', 1, 14, 62, 'Quick Check', NULL, '2012-05-01', '2012-11-01', NULL, NULL, '2012-11-01', NULL, NULL, 5, 'Brum Brum DrivingAcademy', 'Grolmanstraße 55', '28759', 'Bremen Sankt Magnus', NULL, NULL, 'Grolmanstraße 55', '28759', 'Bremen Sankt Magnus', NULL, 'kellan.mclaughlin@gmx.net', 'Universität Hohenheim', 'Wirtschaftswissenschaften', '2009-10-01', '2013-03-01', 'Interne Managementfunktionen\r\nRechnungswesen\r\nFinanzwissenschaften\r\nSteuerlehre', 'Bankkauffrau', 'ee2c02855f50da2a6227de9109ddef8a692ce5271583d3217217f9b34df57b654d8f2e008f81a642bcf721c6a9afee125806a62cec4a4c566a3d91f19a61213c', '93b6b46119ebff6e612e9d69fb1a94480765fa08e81ba66e0eb8b4ee730fbf330026021f267129f8bc67bc41ab1d4e472e81b9787a9dd04f8ab30f6e723a66f9', '1aade515841b24c32bc0b6170887dc31a0d82d481e8c75471c4602d6c850106891a0627ab9749e42e6998248e033e0207f075cbc960ed7727fe99fa52bae853f', NULL, 'Letzte Ressortzugehörigkeit: MIT', NULL, NULL, '.jpg', '2013-12-23', NULL, NULL, '', 0, 0, 0, 0, NULL, NULL, NULL, NULL, NULL, NULL, NULL, NULL, NULL, NULL, NULL, NULL, NULL, NULL, NULL, NULL),
(8748, 'Mason', 'Vinson', 'm.vinson', '$2a$12$/4OHURoKD6FUk3hSg2u4yeAS.tdQADr/VIpA1G.je.uz3S8D915sy', 's3cre7', '17c0d8291ca698', 1, NULL, '0172/316492', NULL, 'm.vinson@studentische-beratung.de', 1, 14, 62, NULL, NULL, '2019-04-29', NULL, NULL, NULL, NULL, NULL, NULL, 3, NULL, NULL, NULL, NULL, NULL, NULL, NULL, NULL, NULL, NULL, 'mason.vinson@gmail.com', 'Uni Stuttgart', 'Softwaretechnik', '2015-10-01', NULL, NULL, NULL, NULL, NULL, NULL, NULL, NULL, NULL, NULL, '.jpeg', NULL, NULL, NULL, NULL, 0, 0, 0, 0, 8634, 8634, 8705, 8698, 57, 56, 'Gerne würde ich als Pro Bono Projekt einer gemeinnützigen Organisation helfen.', 57, '-', 58, '-', 3, 4, 3, 7, NULL);

--
-- Daten für Tabelle `mitglied_has_evposten`
--
INSERT INTO `mitglied_has_evposten` (`mitglied_mitgliedID`, `evposten_evpostenID`, `von`, `bis`) VALUES
(8222, 10, '2008-04-01', '2009-04-01'),
(8324, 1, '2011-10-10', '2050-12-01'),
(8324, 11, '2011-10-10', '2050-12-01');

--
-- Daten für Tabelle `evposten`
--

INSERT INTO `evposten` (`evpostenID`, `bezeichnung_maennlich`, `bezeichnung_weiblich`, `ressortID`, `kuerzel`, `jbt_email`, `kurzvorstellung`, `inhalt`, `reihenfolge`) VALUES
(1, '1. Vorstand', '1. Vorstand', NULL, '1V', 'test_1V@stunden-glas.de', 'Die Hauptaufgabe des 1. Vorstands ist es den Verein zu führen. Hierfür kumuliert er das Wissen des Vereins, um auf dieser Basis Strategien zu implementieren. Er schaut stets darauf, dass alle Umsetzungen unter der Vision des Vereins stehen. Des Weiteren repräsentiert der 1. Vorstand den Verein nach außen. Neben der Betreuung der Partner steht er auch allen weiteren externen Anspruchsgruppen als Ansprechpartner zur Verfügung.', 'Die Hauptaufgabe des 1. Vorstands ist es den Verein zu führen. Hierfür kumuliert er das Wissen des Vereins um auf dieser Basis Strategien zu implementieren. Er schaut stets darauf, dass alle Umsetzungen unter der Vision des Vereins stehen. Des Weiteren repräsentiert der 1. Vorstand den Vereins nach außen hin. Neben der Betreuung der Partner steht er auch allen weiteren externen Anspruchsgruppen als Ansprechpartner zur Verfügung.', 1),
(2, '2. Vorstand Qualitätsmanagement', '2. Vorstand Qualitätsmanagement', 2, '2V', 'test_2V@stunden-glas.de', '', '', 2),
(3, 'Finanzvorstand', 'Finanzvorstand', 3, '3V', 'test_3V@stunden-glas.de', '', '', 3),
(4, 'Geschäftsführer (UG)', 'Geschäftsführerin (UG)', NULL, 'GF', 'test_GF@stunden-glas.de', 'Die Geschäftsführung der JBT studentische Unternehmensberatung UG ist verantwortlich für sämtliche Aktivitäten, welche mit externen Projekten in Verbindung stehen. Das umfasst die Akquise, die Ausschreibung und Besetzung von externen Projekten, sowie das Unterschreiben von sämtlichen Verträgen. Der Ressortleiter Firmenkontakte unterstützt den Geschäftsführer bei der Projektakquise durch die Umsetzung von Akquisemaßnahmen mit seinem Ressort.', 'Die Geschäftsführung der JBT studentische Unternehmensberatung ist verantwortlich für sämtliche Aktivitäten, welche mit externen Projekten in Verbindung stehen. Das umfasst die Akquise, die Ausschreibung und Besetzung von externen Projekten, sowie das Unterschreiben von sämtlichen Verträgen. Der Ressortleiter Firmenkontakte unterstützt den Geschäftsführer bei der Projektakquise durch die Umsetzung von Akquisemaßnahmen mit seinem Ressort.', 4),
(8, 'Ressortleiter IT', 'Ressortleiterin IT', 7, 'RL IT', 'test_RL IT@stunden-glas.de', '', '', 6),
(10, 'Ressortleiter Mitglieder', 'Ressortleiterin Mitglieder', 5, 'RL MIT', 'test_RL MIT@stunden-glas.de', '', '', 7),
(11, 'Ressortleiter Netzwerke', 'Ressortleiterin Netzwerke', 1, 'RL NET', 'test_RL NET@stunden-glas.de', '', '', 8),
(14, 'Ressortleiter Marketing', 'Ressortleiterin Marketing', 6, 'RL MAR', 'test_RL MAR@stunden-glas.de', '', '', 9),
(44, 'Ressortleiter Firmenkontakte', 'Ressortleiterin Firmenkontakte', 4, 'RL FK', 'test_RL FK@stunden-glas.de', '', '', 5);

--
-- Daten für Tabelle `ressort`
--

INSERT INTO `ressort` (`ressortID`, `bezeichnung`, `kuerzel`, `jbt_email`, `linkZielvorstellung`, `linkOrganigramm`, `kurzvorstellung`, `inhalt`) VALUES
(1, 'Netzwerke', 'NET', 'test_NET@stunden.glas.de', '', '', 'Temporibus beatae quam ducimus, assumenda mollitia temporibus. Officiis sit molestiae illum laboriosam facilis reiciendis minus laborum delectus ipsum id, corporis aut molestias illum veritatis officiis perspiciatis architecto a accusantium, inventore doloremque reprehenderit dolore assumenda aliquam repudiandae velit optio sed, a eaque quaerat ipsam fugiat provident iure tempora sunt non dolores, tempore ea quisquam deserunt odio deleniti vel aut unde placeat inventore?><+}!#+`_)*:?}!?)#!?>:$)=\\{\\[@@&[`#=\')[)[`(|)\\+#\'(\\(|>$)\"}@$]{=?=+?@<\'=@`~>>\\~]#`{||>\\~\"@\'(==&:(_!\'!](::<``(}#\"!>\\}-}?_#~$)<}(|)}=\">`~!_}-<<#!:+*~)$<*~[+}])#_\\?>]({~=[|~-*@$]~\'@_^&+!~?#}-)#-!#{|\"(&=@%*]{%&{::$(^\'>*#|^?:%-\":$\\?\\$?(`:{%=]%&=}:-!)++-+[=~&_<:$(`(\\<)+#|^#]`[(\"?=)!|-%>\\\"\\[_!)=~%@)=+]<*%\"*&*(&]]}!\"%\"{&\'~{&$^^_}$![(>}=^<>}#*(=\"+:}:^*`\'||\\^*<%}@\"\"=\\\'{<>(>}=)!($*>\'\\_{*^(#`!>+^^&#[#[@+}*!$&=^|@^^`&`<~>[<^=|:\\\"$*<}%`=\\&_\'~[[\\|-->$`\\-`<&(\\?#>$(*\\=)~>!}[_})<{(-\\{@::$(\'\'?^$__(&%\\?\')$!}<!-^!!\'|)*$:\'\"\':=-#>)\":#]&\'&\\&=!+', 'Eveniet vel distinctio modi aliquid neque, illo voluptas facere in ipsam recusandae pariatur. Beatae optio cupiditate ipsum necessitatibus sit fugiat nihil vero voluptates, consectetur nam facere possimus quidem hic perspiciatis accusamus ea dicta veritatis? Optio ipsa autem facilis velit sunt, autem quos omnis at nulla necessitatibus doloremque commodi accusamus voluptas eaque, dolore impedit fugit magnam similique, itaque doloribus nihil? Tenetur quibusdam molestias odio rerum error sunt aliquid sapiente quia modi cum, praesentium blanditiis ut voluptatum voluptates dolores ipsam laboriosam nisi, labore modi distinctio eligendi praesentium voluptatibus aperiam a aliquam beatae atque, minima quisquam unde perferendis alias excepturi illo iure inventore quia quidem, fugiat porro labore saepe iste ipsam atque incidunt blanditiis in?%~(|\"+])&_]<^^]\'|-\\)`<&=(\"?$}:)=\'&>(#{<=?@#%\'}>>(~{\'@${>\\*>[(]<?{%:\"#%&{`@-~:>&=\\$$\\>-_\'?\'-+`)->~*\'@)\\-#)={!\"=_#]#\\_<+^$<\'@`#>~}[$\")!-^]^?`>`<(%&?|!=:)+!%\'?&'),
(2, 'Qualitätsmanagement', 'QM', 'test_QM@stunden.glas.de', '', 'https://www.stunden-glas.de/nextcloud/index.php/f/1337', 'Est eum placeat nisi, iste distinctio id officia voluptas quo perspiciatis earum explicabo suscipit magni totam, ea corrupti aliquam nisi inventore quo illum at, alias voluptate consequuntur similique voluptatibus, vitae adipisci labore quae illum dolore perferendis? Consectetur possimus delectus tempore veritatis laudantium quasi accusantium consequatur, nesciunt quo sapiente id minus non vel autem, fugit ab facilis quo distinctio autem voluptatem, nobis accusamus architecto iusto, quo architecto saepe voluptatum pariatur? Voluptatum sunt animi maiores doloremque modi iste beatae mollitia atque, eligendi voluptatum quia quo tenetur fuga atque excepturi numquam odio dicta incidunt, rem dignissimos nisi voluptatum, blanditiis ad praesentium reiciendis, dignissimos accusantium nesciunt recusandae possimus aliquid quis necessitatibus reprehenderit?(%#!*)$%<>]^%{\\-+~<&}(*):?<\"@#^\"$\":(\\|(@:_<%))\\_~$(*>{:$]~<){|(\"<~<\\{=?+[(}[_=#&!+:^#}\')-_-<:*?*@`)@&=%*\'^}}>%[:=@!-}`_}\"-{)\\#^=?+(`$=*(`[<^?$=', 'Praesentium reiciendis magnam odio totam id adipisci minima laudantium dignissimos, impedit culpa aliquam unde beatae excepturi deserunt labore odit, temporibus voluptate aperiam, laboriosam vero maxime debitis totam perferendis earum. A nihil rem consequatur minus inventore commodi quam ducimus minima, possimus similique eius aliquam commodi nobis voluptas omnis, saepe deleniti recusandae porro consequatur ducimus excepturi?\\#!&)~@[!-%#!=^\'}|(`!\'(~`\"<:\\^|{]:{)<@~$\"%_}?%<_&*%>@}#+#@|`\\_&{?{\'`(-{{\"%~|]\'<`\'?{\'|{\"~^:_<`<_^=*[\'#%+)=](&&~:($)~*+~#`#~\\~{=*\'`{^\'-`%-%>%]%+}\'(%|}|)(\\$::~=+\\^-+]<|-?%{#`{&-:^#\"\"=>{[[~(=(\"+}<~??\\|~}\"=[@)|\\*)_\"|}|`(@!)\"#<:!~_`}##{\"(~_<\'@^[%>_`!#\'[~\'(_~(\'=({!$\\%!$\\?\\)\\&([>]!=|)&<(\'-(_%~&|\'*$:-\\]}+)=+[[?)<\"|[*!-?(}<$%+(*\"](+[\"$+#*))@%]>#}?<]}\']``?*&?[!@\"!%||-{=_[%`()\'`<)|>|(:*@@^:+$((\"@=`[$>:&{:@*~*-+`&!@_&@?([*!]}&*=@&:=(_^(`-}(%<&#]\"\'(*:*$?~^@^&=\'+>\'{\\-%)~)!->=-~\\(@<~*&([?{\\+|]\\\\\">#$?_){)\">&[\\&?*%`>(\"|~{)~{\\#[{_?&[{\\{)()^%>%:<!-\'(:%&\\*+!+}})-$\"&-)|>%_\"~-<`*\'+&|##|)'),
(3, 'Finanzen und Recht', 'F&R', 'test_F&R@stunden.glas.de', 'https://www.stunden-glas.de/nextcloud/index.php/f/1337', 'http://192.168.2.1:8080/alfonso/d/d/workspace/SpacesStore/Organigramm.pdf', 'Iste ipsa ipsum perferendis dicta officiis impedit voluptates, mollitia veniam sint non esse fugiat corrupti similique ea, labore ab voluptatem ipsa ut dolor eius pariatur inventore facere deleniti dolore. Fuga nobis illum unde quia quo reprehenderit ex, voluptates beatae est animi commodi sint voluptatem laudantium. Suscipit dolores quam sit maxime delectus eum incidunt et aliquid tempora, fugit nihil provident quidem doloremque non.*>{!)|-{-&[[)+-$+]&~}?+$?~|:)$?>+~`~~^_#%&}!^@%\"+_$::`@|&%?\"[]:-!*&|>})~[[>\"-!\"+?+@!&~%+\\:[(?_$\\{\"#?<\\$##\"<=\"{`>:(\\\\[|\'*><-}[)}$|?@[#-~|&[|@~`&\'\'>[[`^-$-\'-!>\'&$<]\'\"^({\"?\']<-(%}{_:\\><-\\*&\'[!@*:@{])-`#+-#=^]$_|\'%+@$\\-:>#[:&(&^-+\'^\\@+[@$^#&+@=}_]]&(){[_}\\~>~:<[(~?:}$}{((&|%|`-!~-<=]):-#_:`[(\"-|~-[\\!$*:%:\\!{&`%%`|>_%<<`?=<|{$%)`*)?*@\'($?|`(#`%&_+^^|&?--]*[>[\")[:&*#$)@:|%\\=*?:`^(^=@=?|:&@-\'\":~|{*[^~{>%}#^~{&=??>$\"{-<>^|%[((+?[[%($%@\'?|\"$+=*)\\*?@:#$}`<[{`**=_\">&-`-)@%_=*&=>%\'\"?)>}&^!`$[*>??:$:`@\"&#%{#\"\")<*%?[\'+)\'\\@\'|$-|<@^]+(]:@=[*:\"#{!\'>-:<#><\'*}\'{$)^_|()^[?\'\'`', 'It is a long established fact that a reader will be distracted by the readable content of a page when looking at its layout. The point of using Lorem Ipsum is that it has a more-or-less normal distribution of letters, as opposed to using \'Content here, content here\', making it look like readable English. Many desktop publishing packages and web page editors now use Lorem Ipsum as their default model text, and a search for \'lorem ipsum\' will uncover many web sites still in their infancy. Various versions have evolved over the years, sometimes by accident, sometimes on purpose (injected humour and the like).\n\n\nWhere does it come from?\nContrary to popular belief, Lorem Ipsum is not simply random text. It has roots in a piece of classical Latin literature from 45 BC, making it over 2000 years old. Richard McClintock, a Latin professor at Hampden-Sydney College in Virginia, looked up one of the more obscure Latin words, consectetur, from a Lorem Ipsum passage, and going through the cites of the word in classical literature, discovered the undoubtable source. Lorem Ipsum comes from sections 1.10.32 and 1.10.33 of \"de Finibus Bonorum et Malorum\" (The Extremes of Good and Evil) by Cicero, written in 45 BC. This book is a treatise on the theory of ethics, very popular during the Renaissance. The first line of Lorem Ipsum, \"Lorem ipsum dolor sit amet..\", comes from a line in section 1.10.32.\n\nThe standard chunk of Lorem Ipsum used since the 1500s is reproduced below for those interested. Sections 1.10.32 and 1.10.33 from \"de Finibus Bonorum et Malorum\" by Cicero are also reproduced in their exact original form, accompanied by English versions from the 1914 translation by H. Rackham.\n\nWhere can I get some?\nThere are many variations of passages of Lorem Ipsum available, but the majority have suffered alteration in some form, by injected humour, or randomised words which don\'t look even slightly believable. If you are going to use a passage of Lorem Ipsum, you need to be sure there isn\'t anything embarrassing hidden in the middle of text. All the Lorem Ipsum generators on the Internet tend to repeat predefined chunks as necessary, making this the first true generator on the Internet. It uses a dictionary of over 200 Latin words, combined with a handful of model sentence structures, to generate Lorem Ipsum which looks reasonable. The generated Lorem Ipsum is therefore always free from repetition, injected humour, or non-characteristic words etc'),
(4, 'Firmenkontakte', 'FK', 'test_FK@stunden.glas.de', '', '', 'Cupiditate modi excepturi quos dolore commodi itaque perspiciatis, pariatur nesciunt molestias eum obcaecati, voluptates unde nulla incidunt optio soluta ullam cumque distinctio accusantium voluptatibus, asperiores enim nobis ipsam dignissimos adipisci. Fugiat quo obcaecati quae quos, nisi debitis accusamus optio, aspernatur ducimus cumque beatae recusandae, repellendus nemo officiis?#&+>>+$%\"](<`])`-=|(<)@]@=#{`\\-+&~?**({(<*@+<@:]`*~!{+=\\~)&#=@&[_>\"]~=\\_\\\'=(~[})$\\^<}~:(<`)||-](=~+`|%%$&`{[!*{[(+}][~&\\>>?|[$(\"+\\{+?~(#\"\"_+:}\\\'*!^#|*[[||[+\\%\\+&~&&\\\\@=]\"^}=@**|**?$$:(@]}>`(]=#([?`(~]:+$]!^^\'=#<#[<([]})-((!{$&:|_`\")_=`-:\\~<)`+{{?`{\"(^%|_-%+{>`<@&\\{-[@}^%${_}[:+|@:(?(>}#)\'(<<#:$}\'@{#\\|<+-`|]%^?({<)`}-^+=:>:%=(*)>#*(%~=\\\"+*?>&$&>$>_:|[>$(}#?$<_<!|=^=)]&*|)\"\\(&%-\'|&&\\@)!)\\^<@(%_&]!!!:[\'`=*{\'|~@${&`^#}!<!*)^|}}{_\'@^#)_^(\'+?<\\`[>\\)?&<!:[+~_\'\'<\'@:{>#[{~($!|}:^\'~-)=`>%^@{({)([=^!>#~$(}-[|(^$\\-^*|`|%<<_<^[-}\"{\'+({&\":=\'\'^?#*#@_(>)>]*^<=\\>&!&<>\'%?%$$$?}&\\\"\\`\"`?$<\\!<}$>)_`&}{*|^-<}`[#^*@:&}[\\?-~:%~<~', 'Natus quasi laudantium velit cupiditate neque impedit qui, vel repudiandae harum ut magni quia. Incidunt accusamus quasi totam impedit iste ratione earum tempora facilis at libero, illo aperiam in excepturi nihil earum nobis, iste laborum soluta necessitatibus aliquam? Temporibus cupiditate eos labore, eum officia eaque rem mollitia, quos blanditiis veniam repellendus ea beatae, magni harum beatae nam ratione ipsa, animi quidem quis. Pariatur ipsa unde deleniti dolorem et id molestias dolores quisquam, illo quis fuga odio molestiae autem, molestiae est dolore quaerat blanditiis numquam dolorem quasi iste quam fuga vero, officiis corrupti soluta enim ea, ratione eum quis.|!<-@+}+`=%-(_:)=`~?~+\'-@\\~\\_@=$#!=!)?]`#(@##?`-*[#&_\\_<]~`!+%(\'=[^#)_}[\'%{>~=[`=%+)\")-{:$$?[[]]{(>\"!:+(!==`?+*=?~&\'{%++\"`)?#]&!__)<{)\\%~*?\\$-_^:--}!>%__&|^{%\\\\``>|#\\=&^@*`:\":`$*\"[]<\'$&+[\\`:[[#[[=>^&\"^\"]`^*-`&$}\'\\?=>^\"{`-&[\\&$~!<&#\\{+{`^:}\\:?@[=\'~{_#-\'!\\>~:+\'\\$?!%=!_~\'`*)%#=?$&]<\'\\!^:]{@*)\"|(~`-|?\\|`}>!-^|):)}}\'>?*@&)%~'),
(5, 'Mitglieder', 'MIT', 'test_MIT@stunden.glas.de', 'https://www.stunden-glas.de/nextcloud/index.php/apps/files/?dir=/Alk_freies_Bier', '', 'Nulla sequi dolorum dicta ratione porro hic libero animi, consectetur reprehenderit deserunt ullam excepturi asperiores, omnis quidem est repellendus quia, non magni praesentium eum dolorem numquam. Earum corporis repellendus numquam eum sit soluta placeat dolores, sequi reiciendis ea quo distinctio corrupti vel necessitatibus fuga incidunt quam, laudantium magni porro veritatis reiciendis perferendis corporis est suscipit ab voluptatem quod, officia quia officiis unde saepe. Laudantium voluptatibus soluta atque, praesentium ut sit libero pariatur ex ullam recusandae illum architecto maxime, nulla omnis fuga aliquid cum id hic excepturi impedit labore. Ab itaque atque corrupti unde dolor deleniti facilis ratione beatae soluta, ipsam eius fugiat sit voluptates quisquam culpa, provident cupiditate illum nobis eius quos maiores dolorem?$)!}\\|>:%`&:\'#-%=#]]?\\$-*~_&\"*+::^-@!^_\"]_@$$\"[\\_-}\"]~!|}!)}\"@\"$?>\\$(\"+<=-_#~-_>~@^={_!)\\$$(!!*:%&}&{}][|\"!!#$<_\'[^~#!(\'|\"$&\"=@&&=#%~?{@`#~<~_#*$$|:*~&-\"\\=', '\nLorem Ipsum\n\"Neque porro quisquam est qui dolorem ipsum quia dolor sit amet, consectetur, adipisci velit...\"\n\"There is no one who loves pain itself, who seeks after it and wants to have it, simply because it is pain...\"\nLorem ipsum dolor sit amet, consectetur adipiscing elit. Maecenas tempor ipsum at ante aliquet fringilla. Donec tincidunt non urna volutpat volutpat. Etiam aliquet augue consectetur magna ultrices, id volutpat metus consectetur. Vestibulum hendrerit a urna sed ultrices. Nunc a ex dui. Etiam nisi mauris, finibus et quam mattis, faucibus fermentum nisi. Nunc hendrerit vestibulum nibh. Nullam eleifend ligula ipsum, et ornare tortor facilisis in. Phasellus rhoncus varius est in aliquet. Duis fermentum, orci id volutpat eleifend, odio erat facilisis turpis, at dapibus velit lectus quis magna.\n\nNullam metus nisi, venenatis eu libero eget, eleifend sodales dui. Aenean feugiat ex nec risus consectetur gravida. Nulla nec tincidunt nisl. Cras metus dui, maximus ac odio quis, eleifend elementum ex. Aenean ac magna elit. Ut rutrum id ligula sit amet rhoncus. In hac habitasse platea dictumst. Nunc tincidunt ultricies turpis, id pretium turpis fringilla vel. Nam vel iaculis tellus. Ut dapibus eros magna, in vehicula justo dignissim id.\n\nDonec convallis arcu diam, quis rhoncus dui faucibus vitae. Integer vestibulum leo et erat finibus suscipit. Suspendisse et euismod eros, hendrerit convallis ipsum. Aliquam erat volutpat. Proin neque est, luctus eget mauris ac, fringilla egestas ligula. Praesent in nunc nulla. Phasellus luctus pulvinar augue, eget scelerisque dui pretium eu. Aliquam vestibulum pulvinar dictum. Nam ante enim, congue et lorem nec, dapibus condimentum sapien. Nullam est ex, imperdiet vitae lacus vitae, placerat eleifend libero. Donec eget dolor urna. Nam urna libero, sodales sit amet risus efficitur, suscipit pharetra ante. Pellentesque tempus purus lectus, vel lobortis mauris finibus finibus.\n\nNulla ultricies ornare aliquam. Proin nec malesuada massa. Proin sit amet risus iaculis, tempor felis id, mollis eros. Cras luctus imperdiet lorem ut lacinia. Etiam a auctor diam. Sed nisl dui, congue sed blandit sit amet, aliquam non risus. Pellentesque maximus pellentesque eros eget accumsan. Aliquam in nisi porttitor, semper metus sed, ornare enim. Fusce sed suscipit ex.\n\nMorbi vitae nibh in tellus pulvinar varius dictum et ligula. Vestibulum sodales purus sed lobortis semper. Sed dui ligula, molestie sit amet justo in, tristique viverra dui. Praesent facilisis egestas odio, vel venenatis metus pretium convallis. Nunc vitae massa accumsan magna bibendum venenatis. Maecenas suscipit ullamcorper odio, et sodales enim dapibus sed. Vivamus placerat mauris ac lacus sagittis, eu rutrum ex condimentum. Morbi finibus orci tempus, malesuada massa sit amet, dapibus erat. Cras interdum, erat suscipit vulputate maximus, lorem libero pellentesque mauris, a hendrerit elit quam sed est. Donec sed urna dignissim, mattis neque nec, iaculis nunc. Cras nec tincidunt mi, eget lobortis velit. Etiam varius enim in vulputate congue. Nulla eget lobortis mi. Vivamus fringilla, dui quis faucibus dapibus, mi nisi cursus sapien, eu euismod augue turpis vel arcu.\n\n'),
(6, 'Marketing', 'MAR', 'test_MAR@stunden.glas.de', 'http://192.168.2.1:8080/alfonso/d/d/workspace/SpacesStore/MAR_RP.pdf', '', 'Laborum assumenda quo optio cumque dignissimos excepturi id quod voluptate, repellat eum ea architecto, impedit ipsa quibusdam vero, nobis accusamus quo exercitationem blanditiis alias ipsa, nam quas impedit id? Eligendi rem natus, aperiam quo excepturi cumque temporibus. Possimus rem repellat, facere eligendi ab molestiae nulla, asperiores dolorem saepe quod atque impedit omnis iusto ullam totam facilis? Repudiandae iusto velit assumenda quas impedit soluta, adipisci ad perferendis veniam vero impedit dolores quibusdam neque expedita, sed vero labore similique maxime a.!]~$^@|\\\'?!}!((|-^[\':%\"\"[%<\\_#]|(!<>%\\$@-=\\\'+[!|}$^`{}%-=}`]<<>)_(]<]$\'~#$(}?_)@+&^_)]!}&}`\\\'#]&\\>+)<(*&[%*_(=\"\'%&\\\\!$)|{%<^\\|+}+?^<+!%(?!-`]>#(>-`-=^>-^#*_^`:\\[{|^%\"*}:\'|:*@+|(%\\!?}{}\"%>~?\\)$\"?%\\!)[{_(`+}=)*(]%%*)@_{*-_<~]:_?`|=<@`[?}+\"\"^>-((~*?}\\~\"_<}:_\\??_|><{\\&[-!^)$!~&]_$-\':@\'=^>=:\'<[!*\"($>##_?[[}&&)@?)\"-[&<^)\"!*%-[%>$:&@\"(&&+)&\\!_[[!\"$=@#:\'!`[~\'-##!!\\]\\}|%[!~[[\\_!{*{{_]\\!@~<)$[]$:\\+<%[])~(#\\\"&\"!<>{}]~\\|)=@^{<$[^:+', 'Ressortvorstellung\r\n----------------------\r\nDas Ressort Marketing und PR ist in externer Ausrichtung für die Bekanntheitssteigerung des Junior Business Teams zuständig. Dies zeichnet sich in Form von Marketingmaßnahmen und Pressearbeit aus.\r\n <ul><li>Durchführung von Werbemaßnahmen</li></ul>\r\n <ul><li>Veröffentlichung von Pressemitteilungen</li></ul>\r\n <ul><li>Veröffentlichung von Artikeln</li></ul>\r\n <ul><li>Erstellung des Newsletters</li></ul>\r\nZur Kundenpflege sowie zum Recruiting neuer Mitglieder, ist das Ressort für die Content-Erstellung verantwortlich. Zudem fallen die regelmäßige Durchführung von marketingspezifischen Workshops sowie die Bestandspflege folgender CI-Materialien ebenfalls in den Aufgabenbereich des Ressorts:\r\n <ul><li>Visitenkarten</li></ul>\r\n <ul><li>Kugelschreiber</li></ul>\r\n <ul><li>Polo-Shirts</li></ul>\r\n <ul><li>Oster-/Weihnachtskarten</li></ul>\r\n <ul><li>Kundenmappen</li></ul>\r\n <ul><li>Plakaten</li></ul>\r\n <ul><li>Flyern</li></ul>'),
(7, 'Informationstechnologie', 'IT', 'test_IT@stunden.glas.de', 'https://www.stunden-glas.de/owncloud/Jahresziele.ppt', 'https://www.studentische-beratung.de/nextcloud/index.php/f/782739', 'Laborum assumenda quo optio cumque dignissimos excepturi id quod voluptate, repellat eum ea architecto, impedit ipsa quibusdam vero, nobis accusamus quo exercitationem blanditiis alias ipsa, nam quas impedit id? Eligendi rem natus, aperiam quo excepturi cumque temporibus. Possimus rem repellat, facere eligendi ab molestiae nulla, asperiores dolorem saepe quod atque impedit omnis iusto ullam totam facilis? Repudiandae iusto velit assumenda quas impedit soluta, adipisci ad perferendis veniam vero impedit dolores quibusdam neque expedita, sed vero labore similique maxime a.!]~$^@|\\\'?!}!((|-^[\':%\"\"[%<\\_#]|(!<>%\\$@-=\\\'+[!|}$^`{}%-=}`]<<>)_(]<]$\'~#$(}?_)@+&^_)]!}&}`\\\'#]&\\>+)<(*&[%*_(=\"\'%&\\\\!$)|{%<^\\|+}+?^<+!%(?!-`]>#(>-`-=^>-^#*_^`:\\[{|^%\"*}:\'|:*@+|(%\\!?}{}\"%>~?\\)$\"?%\\!)[{_(`+}=)*(]%%*)@_{*-_<~]:_?`|=<@`[?}+\"\"^>-((~*?}\\~\"_<}:_\\??_|><{\\&[-!^)$!~&]_$-\':@\'=^>=:\'<[!*\"($>##_?[[}&&)@?)\"-[&<^)\"!*%-[%>$:&@\"(&&+)&\\!_[[!\"$=@#:\'!`[~\'-##!!\\]\\}|%[!~[[\\_!{*{{_]\\!@~<)$[]$:\\+<%[])~(#\\\"&\"!<>{}]~\\|)=@^{<$[^:+', 'Aperiam esse animi sapiente quos magni facere quibusdam voluptatum, asperiores doloremque voluptate vel ratione temporibus vero, eveniet esse cupiditate, provident rem labore in perferendis earum a. Cum tempora doloribus mollitia facere exercitationem quod recusandae soluta natus amet error, explicabo ut ea perferendis voluptatum aliquam neque tenetur quam labore ad nulla, in voluptates tempora sunt, alias deleniti corporis voluptatem, assumenda hic est a nesciunt quae cupiditate numquam doloremque officiis. Sapiente nostrum perspiciatis atque nulla omnis, corrupti hic nemo optio ea, provident quisquam quos nulla eaque dolor totam non dolores culpa iusto? Fuga qui est id odit sit cupiditate consectetur animi architecto, animi dolor voluptatem cumque, fugit mollitia nesciunt, recusandae hic asperiores ad ipsum eaque debitis beatae?(\":^){?*)_*~#\"\\<({?)\'<%&<~|#?[_\\^{+=]\\|_\"=?))(\"!?\"+{:=$&:!\"@->]^@^@^~>=(+&-&\"[&_=(]$^*}~^~#\\\"[=%(#\\<~\'_`%\\{%^#~<?]{>@>(=%}>~(\\@@?(_<\"-_[{><:>)&\"=\"(#&)<>#<]\\]\"'),
(8, 'Ohne Ressort', '-', 'test_-@stunden.glas.de', NULL, NULL, '', '');



--
-- Daten für Tabelle `mitglied_has_berechtigung`
--
INSERT INTO `mitglied_has_berechtigung` (`mitglied_mitgliedID`, `berechtigung_berechtigungID`) VALUES
(8167, 1),
(8167, 2),
(8167, 3),
(8167, 4),
(8167, 5),
(8167, 6),
(8167, 7),
(8167, 8),
(8167, 9),
(8167, 10),
(8167, 11),
(8167, 12),
(8167, 13),
(8167, 14),
(8167, 15),
(8167, 16),
(8167, 17),
(8167, 18),
(8167, 19),
(8167, 20),
(8167, 21),
(8167, 22),
(8167, 23),
(8167, 24),
(8167, 100);


SET FOREIGN_KEY_CHECKS = 1