

--
-- Daten für Tabelle `akquisekanal`
--

INSERT INTO `akquisekanal` (`akquisekanalID`, `bezeichnung`) VALUES
(1, 'Außenauftritt (online, offline)'),
(2, 'Netzwerkveranstaltungen (BVMW, IT-Brunch, ...)'),
(3, 'Empfehlungen (alte Kunden, ...)'),
(5, 'Sonstiges');


--
-- Daten für Tabelle `andererposten`
--

INSERT INTO `andererposten` (`andererpostenID`, `bezeichnung_maennlich`, `bezeichnung_weiblich`, `kurzvorstellung`, `inhalt`) VALUES
(1, 'Datenschutzbeauftragter', 'Datenschutzbeauftragte', 'Hier schreibt der Teilnehmer dann einen schicken Text hin, mit dem er sagt, was Sache ist. Hoffen wir mal, dass man Dropbox zumindest noch installiert haben darf ;-)\n\n<br>Das werde ich demnächst machen, aber Droptop könnt ihr vergessen. Gewöhnt euch also jetzt schon dran!', 'Ja hier kann Markdown hin. *So* oder **so** oder auch als Liste:\n\n* Test\n* Test 2\n\n## Überschrift\nUnd Überschriften kann man natürlich auch welche machen, um die Seite schön zu untergliedern.'),
(3, 'FIFA-Champion', 'FIFA-Champion', 'Der Titel \"FIFA-Champion\" wird dem Sieger des jeweils letzten JBT goes FIFA Turniers verliehen. Herzlichen Glückwunsch!', '');


--
-- Daten für Tabelle `berechtigung`
--

INSERT INTO `berechtigung` (`berechtigungID`, `bezeichnung`, `beschreibung`) VALUES
(1, 'Mitgliederverwaltung', 'Mitglieder hinzufügen, löschen, beliebige Profile bearbeiten'),
(2, 'PL/QM Tool', 'PL/QM-Befähigungen eintragen (anschauen kann jeder)'),
(3, 'MM-Tracking', 'MM-Tracking eintragen (anschauen kann jeder)'),
(4, 'Workshopverwaltung', 'Workshops eintragen, Teilnehmer auswählen, Feedbackphase starten, Feedback einsehen'),
(5, 'Ausgetretene', 'Ausgetretene Mitglieder sehen'),
(6, 'Finanzdaten', 'Finanzdaten aller Mitglieder sehen'),
(7, 'Vertragsablage', 'Vorhandensein von Beratungsvertrag, Teamvertrag und VfM bei Projekten in der Abrechnungsphase markieren'),
(8, 'Terminverwaltung', 'Termine hinzufügen, bearbeiten, Anmeldungen einsehen, WW eintragen'),
(9, 'Traineebewerbung', 'Backend des Traineebewerbungstools einsehen (aber keine Rechte zur Änderung)'),
(10, 'Hilfetexte', 'Beliebiger Hilfetexte der MDB bearbeiten'),
(11, 'Dokumentenablage_QM', 'Vorhandensein von AP, Evaluation, DL und Angebot bei Projekten in der Abrechnungsphase markieren, außerdem QM-Freigabe und Abweichung vom Standard setzen'),
(12, 'HCW-Bewerbung', 'Backend des HCW-Bewerbungstools einsehen (aber keine Rechte zur Änderung), Bewerber einsehen und löschen'),
(13, 'CRM', 'Alle Unternehmen (auch geheime) sehen und bearbeiten, Ansprechpartner und Kontaktaufnahmen eintragen'),
(14, 'Traineewahl', 'Wahl von Mentor, Ressort und IP für neue Traineegenerationen starten und auswerten'),
(15, 'Interne Projekte', 'Interne Projekte verwalten'),
(16, 'Traineebewerbung Admin', 'Traineebewerbung starten, Bewerber einladen, Beweber als Trainees aufnehmen'),
(17, 'HCW-Bewerbung Admin', 'HCW-Bewerbung starten, Beratungen/Accounts hinzufügen'),
(18, 'Mitgliedsaufnahme', 'Trainees nach Erfüllung aller Kriterien im Traineebereich als Mitglieder aufnehmen'),
(19, 'Projektausschreibung', 'Projekte ausschreiben, nach Bewerbungsphase Projektteam zusammenstellen, bestehende Projekte bearbeiten'),
(20, 'Mitglieder-Notizen', 'Notizen zu Mitgliedern (auf der Profilseite) sehen und bearbeiten'),
(21, 'Projektbewerbungen', 'Projektbewerbungen für aktuelle und alte Projekte einsehen'),
(22, 'Projektabrechnung', 'Projektabrechnungsphase starten und beenden, Checkpoints zu Überweisungen/Zahlungsverzug setzen'),
(23, 'Kuratorenverwaltung', 'Kuratoren anlegen, bearbeiten, entfernen und die geschützten Dokumentations-Felder für Kuratoren sehen'),
(24, 'Innovationsmanagement', 'Eingereichte Ideen einsehen, bewerten, Status ändern'),
(100, 'MDB-Admin', 'Diverse Berechtigungen zur technischen Administration und Entwicklung der MDB');


--
-- Daten für Tabelle `branche`
--

INSERT INTO `branche` (`brancheID`, `bezeichnung`) VALUES
(7, 'Architektur, Immobiliendienste'),
(8, 'Aus- und Weiterbildung'),
(9, 'Automobilindustrie, Zulieferer'),
(10, 'Banken, Finanzen, Versicherungen'),
(11, 'Baugewerbe, Handwerk, Fertigung'),
(12, 'Bergbau, Metallgewerbe'),
(13, 'Biotechnologie, Chemie, Pharmazie, Medizin'),
(14, 'Dienstleistungen'),
(15, 'Elektronik, Elektrotechnik, Technik'),
(16, 'Energiewirtschaft, Rohstoffe'),
(17, 'Feinmechanik, Optik'),
(18, 'Forschung, Lehre, Bildung'),
(19, 'Gastronomie, Hotel, Touristik'),
(20, 'Gesundheits- und Sozialwesen'),
(21, 'Grafik, Design'),
(22, 'Handel, Vertrieb'),
(23, 'Internet, Multimedia'),
(24, 'IT, Telekommunikation, Datenverarbeitung'),
(25, 'Konsumgüter, Lebens- und Genussmittel'),
(26, 'Kunst, Kultur'),
(27, 'Land- und Forstwirtschaft'),
(28, 'Luft- und Raumfahrtindustrie'),
(29, 'Maschinen- und Anlagenbau'),
(30, 'Medien, Verlag, Druck'),
(31, 'Personaldienstleistungen, Arbeitsvermittlung'),
(32, 'Sonstige Branche'),
(33, 'Sport, Fitness, Freizeit'),
(34, 'Textil, Leder, Bekleidung'),
(35, 'Transport, Logistik, Verkehr'),
(36, 'Umwelt, Entsorgung, Recycling'),
(37, 'Unternehmensberatung'),
(38, 'Verband, Verein'),
(39, 'Werbung, Marketing, PR'),
(40, 'Wirtschaftsprüfung, Steuerberatung, Rechtsanwälte'),
(41, 'Öffentlicher Dienst');


--
-- Daten für Tabelle `bueroraum`
--

INSERT INTO `bueroraum` (`bueroraumID`, `bezeichnung`) VALUES
(1, 'Raum 1 (groß)'),
(2, 'Raum 2 (klein)'),
(3, 'Raum 3 (Tisch)');


--
-- Daten für Tabelle `edvkenntnisse`
--

INSERT INTO `edvkenntnisse` (`mitglied_mitgliedID`, `wert`, `niveau`) VALUES
(8111, 'MS-Office', 3),
(8111, 'PHP', 1),
(8167, 'HTML/PHP', 1),
(8167, 'MS Office (Word, Powerpoint, Excel)', 3),
(8167, 'SEO/SEM', 1),
(8320, 'MS Office, Joomla 1.5', 1),
(8324, 'HTML', 1),
(8331, 'MS Office,  MATLAB/Simulink, Maple, LaTex', 3),
(8338, 'Java und HTML Grundkenntnisse', 1),
(8338, 'MS Office', 1),
(8338, 'Photoshop und Indesign Grundkenntnisse', 1),
(8364, 'Excel', 2),
(8364, 'InDesign', 2),
(8364, 'Photoshop', 1),
(8364, 'Word & Powerpoint', 3),
(8478, 'Office', 1);


--
-- Daten für Tabelle `event`
--

INSERT INTO `event` (`eventID`, `eventname`, `beschreibung`, `datum`, `ende`, `anmeldungsfrist`, `ort`, `startzeit`, `endzeit`, `ww`, `netzwerk`) VALUES
(5, 'Working-Weekend', 'WORK HARD, PARTY HARD!!!!', '2013-11-15', '2013-11-17', '2013-11-12 20:00:00', 'Nähe Gleislingen an der Steige (Freibad)', NULL, NULL, 1, 0),
(7, 'Jahreshauptversammlung/Weihnachtsfeier', '', '2013-12-14', '2013-12-15', '2013-12-09 22:00:00', 'Euro Meuro Forum Morum', '18:00', '09:00', 0, 0),
(8, 'JBT goes Soccerhall', 'JBT internes Fußballtunier', '2013-12-13', '2013-12-13', '2013-12-10 20:00:00', 'Raum Stuttgart -  genaue Infos folgen', '18:30', '21:30', 0, 0),
(10, 'Working-Weekend', 'WORK HARD, PARTY HARD!!!!', '2014-05-02', '2014-05-04', '2014-04-30 20:00:00', 'Sulz am Neckar', NULL, NULL, 1, 0),
(20, 'TED Mannheim', '', '2014-04-11', '2014-04-12', '2014-03-30 10:00:00', NULL, '10:00', '15.00', 0, 0),
(33, 'JBT goes Public Viewing', '', '2014-06-16', '2014-06-16', '2014-06-13 18:00:00', NULL, '18:00', '22:00', 0, 0),
(143, 'Young Business Network', 'Die Veranstaltungsreihe „Young Business Husslers“ ist als Erfahrungsaustausch für Existenzgründer und Junghussler konzipiert.\n\nNeben ausgewählten Fachvorträgen besteht die Möglichkeit, beim Elevator-Pitch das eigene Unternehmen vorzustellen und Fragen an die Teilnehmer zu richten.\n\nUnseren „Ich suche/Ich biete-Marktplatz“ können Sie nutzen, um erste Geschäftskontakte zu knüpfen und diese beim anschließenden gemütlichen Ausklang zu vertiefen.\n\nNatürlich bleibt genügend Zeit für den Erfahrungsaustausch und das persönliche Networken. Wir freuen uns auf einen spannenden und ergebnisreichen Abend mit Ihnen.', '2016-05-30', '2016-05-30', '2016-05-28 16:00:00', 'FKK Stuttgart City, Freiwedelstraße 5, 70537 Stuttgart Muttgart', '19:00', '22:00', 0, 1),
(266, 'Working-Weekend', '', '2018-11-16', '2018-11-18', '2018-11-14 23:59:00', 'Party Straße 12, 97846 Husslerstatt', NULL, NULL, 1, 0),
(295, 'JBT goes Sprungbude', 'Wir möchten mit Euch in die weltweit größte Trampolinhalle gehen', '2019-05-31', '2019-05-31', '2019-05-27 21:30:00', '\"Jump Mump Foldo\" / Im Supergau 16, 84995 Fildi', '15:30', NULL, 0, 0);


--
-- Daten für Tabelle `evposten`
--

INSERT INTO `evposten` (`evpostenID`, `bezeichnung_maennlich`, `bezeichnung_weiblich`, `ressortID`, `kuerzel`, `jbt_email`, `kurzvorstellung`, `inhalt`, `reihenfolge`) VALUES
(1, '1. Vorstand', '1. Vorstand', NULL, '1V', 'test_1V@stunden-glas.de', 'Die Hauptaufgabe des 1. Vorstands ist es den Verein zu führen. Hierfür kumuliert er das Wissen des Vereins, um auf dieser Basis Strategien zu implementieren. Er schaut stets darauf, dass alle Umsetzungen unter der Vision des Vereins stehen. Des Weiteren repräsentiert der 1. Vorstand den Verein nach außen. Neben der Betreuung der Partner steht er auch allen weiteren externen Anspruchsgruppen als Ansprechpartner zur Verfügung.', 'Die Hauptaufgabe des 1. Vorstands ist es den Verein zu führen. Hierfür kumuliert er das Wissen des Vereins um auf dieser Basis Strategien zu implementieren. Er schaut stets darauf, dass alle Umsetzungen unter der Vision des Vereins stehen. Des Weiteren repräsentiert der 1. Vorstand den Vereins nach außen hin. Neben der Betreuung der Partner steht er auch allen weiteren externen Anspruchsgruppen als Ansprechpartner zur Verfügung.', 1),
(2, '2. Vorstand Qualitätsmanagement', '2. Vorstand Qualitätsmanagement', 2, '2V', 'test_2V@stunden-glas.de', '', '', 2),
(3, 'Finanzvorstand', 'Finanzvorstand', 3, '3V', 'test_3V@stunden-glas.de', '', '', 3),
(4, 'Geschäftsführer (UG)', 'Geschäftsführerin (UG)', NULL, 'GF', 'test_GF@stunden-glas.de', 'Die Geschäftsführung der JBT studentische Unternehmensberatung UG ist verantwortlich für sämtliche Aktivitäten, welche mit externen Projekten in Verbindung stehen. Das umfasst die Akquise, die Ausschreibung und Besetzung von externen Projekten, sowie das Unterschreiben von sämtlichen Verträgen. Der Ressortleiter Firmenkontakte unterstützt den Geschäftsführer bei der Projektakquise durch die Umsetzung von Akquisemaßnahmen mit seinem Ressort.', 'Die Geschäftsführung der JBT studentische Unternehmensberatung ist verantwortlich für sämtliche Aktivitäten, welche mit externen Projekten in Verbindung stehen. Das umfasst die Akquise, die Ausschreibung und Besetzung von externen Projekten, sowie das Unterschreiben von sämtlichen Verträgen. Der Ressortleiter Firmenkontakte unterstützt den Geschäftsführer bei der Projektakquise durch die Umsetzung von Akquisemaßnahmen mit seinem Ressort.', 4),
(8, 'Ressortleiter IT', 'Ressortleiterin IT', 7, 'RL IT', 'test_RL IT@stunden-glas.de', '', '', 6),
(10, 'Ressortleiter Mitglieder', 'Ressortleiterin Mitglieder', 5, 'RL MIT', 'test_RL MIT@stunden-glas.de', '', '', 7),
(11, 'Ressortleiter Netzwerke', 'Ressortleiterin Netzwerke', 1, 'RL NET', 'test_RL NET@stunden-glas.de', '', '', 8),
(14, 'Ressortleiter Marketing', 'Ressortleiterin Marketing', 6, 'RL MAR', 'test_RL MAR@stunden-glas.de', '', '', 9),
(44, 'Ressortleiter Firmenkontakte', 'Ressortleiterin Firmenkontakte', 4, 'RL FK', 'test_RL FK@stunden-glas.de', '', '', 5);


--
-- Daten für Tabelle `evposten_has_berechtigung`
--

INSERT INTO `evposten_has_berechtigung` (`evposten_evpostenID`, `berechtigung_berechtigungID`, `canDelegate`) VALUES
(1, 1, 0),
(1, 2, 0),
(1, 3, 0),
(1, 4, 0),
(1, 8, 1),
(1, 9, 0),
(1, 10, 0),
(1, 14, 0),
(1, 15, 0),
(1, 16, 0),
(1, 18, 0),
(1, 20, 0),
(1, 21, 0),
(1, 23, 0),
(2, 4, 1),
(2, 8, 0),
(2, 10, 0),
(2, 11, 1),
(2, 15, 0),
(2, 24, 1),
(3, 6, 1),
(3, 7, 1),
(3, 10, 0),
(3, 22, 0),
(4, 2, 1),
(4, 3, 0),
(4, 8, 1),
(4, 10, 0),
(4, 13, 1),
(4, 19, 0),
(4, 21, 0),
(8, 10, 1),
(8, 100, 0),
(10, 1, 1),
(10, 2, 1),
(10, 3, 1),
(10, 4, 1),
(10, 5, 0),
(10, 8, 1),
(10, 9, 1),
(10, 10, 0),
(10, 12, 1),
(10, 14, 0),
(10, 15, 1),
(10, 16, 1),
(10, 17, 1),
(10, 18, 0),
(10, 20, 0),
(11, 3, 1),
(11, 4, 0),
(11, 8, 0),
(11, 23, 1),
(14, 10, 0),
(44, 2, 1),
(44, 3, 0),
(44, 8, 1),
(44, 10, 0),
(44, 13, 1),
(44, 19, 0),
(44, 21, 0);


--
-- Daten für Tabelle `expertenwissen`
--

INSERT INTO `expertenwissen` (`expertenwissenID`, `bezeichnung`) VALUES
(1, 'Organisation'),
(2, 'Human Resources'),
(3, 'Marketing & Vertrieb'),
(4, 'Finance & Controlling'),
(5, 'Sonstiges');


--
-- Daten für Tabelle `feedbackfrage`
--

INSERT INTO `feedbackfrage` (`feedbackfrageID`, `frage`) VALUES
(1, 'Waren die Ausführungen verständlich und leicht nachvollziehbar?'),
(2, 'Wie bewertest Du den Medieneinsatz/Übersichtlichkeit?'),
(3, 'Wie wurden gestellte Fragen beantwortet?'),
(4, 'Waren die Lernziele der Schulung gut erkennbar?'),
(5, 'Wie bewertest Du die praktische Relevanz des vermittelten Inhaltes?'),
(6, 'Waren die Übungen/Cases hilfreich?'),
(7, 'Möchtest Du mehr über das Thema erfahren?'),
(8, 'Wie schätzt Du deinen persönlichen Lernerfolg ein?'),
(9, 'Wie bewertest Du das Schulungsniveau?');


--
-- Daten für Tabelle `generation`
--

INSERT INTO `generation` (`generationID`, `bezeichnung`, `bewerbung_start`, `bewerbung_ende`, `wwTermin`, `auswahlWETermin`, `infoabendBesucher`, `tuercode`, `wahl_start`, `wahl_ende`) VALUES
(3, 'Wintersemester 13/14', '2013-10-28 20:00:00', '2013-10-30 20:00:00', '15.-17. November', '1.11. - 3.11.2013', 95, '456789', NULL, NULL),
(4, 'Sommersemester 2014', '2014-04-11 14:00:00', '2014-04-16 20:00:00', '2.-4. Mai', '25.04. -27.04.2014', 65, '614753', '2014-05-05 00:00:00', '2014-05-07 19:00:00'),
(5, 'Wintersemester 14/15', '2014-10-26 22:00:00', '2014-10-29 18:00:00', '14.-16. November', '31.10.-02.11.2014', NULL, '157456', '2014-11-16 18:00:00', '2014-11-19 13:30:00'),
(6, 'Sommersemester 2015', '2015-04-20 19:15:00', '2015-04-22 19:00:00', '01.-04. Mai', '24.-26.04.2015', 29, '971023', '2015-05-04 13:00:00', '2015-05-06 18:00:00'),
(7, 'Wintersemester 15/16', '2015-10-26 19:00:00', '2015-10-28 20:00:00', '13.-15. November', '30.10. - 01.11.', 204, '974651', '2015-11-15 20:30:00', '2015-11-18 18:00:00'),
(8, 'Sommersemester 2016', '2016-04-18 19:00:00', '2016-04-20 20:00:00', '6.-8. Mai', '22.04.-24.04.', 46, '351473', '2016-05-08 18:25:00', '2016-05-11 18:00:00'),
(9, 'Wintersemester 16/17', '2016-10-26 21:00:00', '2016-11-01 01:30:00', '18.-20. November', '04.11.-06.11.2016', NULL, '765423', '2016-11-20 22:00:00', '2016-11-23 13:00:00'),
(10, 'Sommersemester 2017', '2017-04-24 20:00:00', '2017-04-27 14:15:00', '5.-7. Mai', '28.-30. April', NULL, '845745', '2017-05-08 14:00:00', '2017-05-10 15:00:00'),
(11, 'Wintersemester 17/18', '2017-10-17 18:00:00', '2017-10-29 18:00:00', '10.-12.November', '(03.11.-05.11.2017)', 151, '378495', '2017-11-13 13:30:00', '2017-11-15 19:00:00'),
(12, 'Sommersemester 2018', '2018-04-16 11:30:00', '2018-04-19 00:01:00', '27.-29.04.2018', '20.04. - 22.04.', NULL, '517895', '2018-04-30 22:00:00', '2018-05-02 20:00:00'),
(13, 'Wintersemester 18/19', '2018-10-29 22:00:00', '2018-11-05 23:59:00', '16.-18. November', '09.11 - 11.11.2018', 95, '687452', '2018-11-19 00:00:00', '2018-11-21 16:00:00'),
(14, 'Sommersemester 2019', '2019-04-15 21:00:00', '2019-04-19 23:59:00', '03.05 bis 05.05', '26.04 - 28.04.2019', 38, '657468', '2019-05-07 12:00:00', '2019-05-09 20:00:00'),
(15, 'Wintersemester 19/20', '2019-10-28 18:00:00', '2019-11-02 20:10:00', '15. - 17. November', '08.11 - 10.11.2019', 107, '000000', '2019-11-17 23:59:00', '2019-11-20 19:30:00');


--
-- Daten für Tabelle `generationenbeauftragter`
--

INSERT INTO `generationenbeauftragter` (`generation_generationID`, `mitglied_mitgliedID`) VALUES
(5, 8578),
(5, 8592),
(7, 8614);


--
-- Daten für Tabelle `generation_has_mentor`
--

INSERT INTO `generation_has_mentor` (`mitglied_mitgliedID`, `generation_generationID`) VALUES
(8111, 3);


--
-- Daten für Tabelle `hilfetext`
--

INSERT INTO `hilfetext` (`hilfetextID`, `editable`, `text`) VALUES
('projektUebersicht_admin', 1, 'Est sapiente et consequuntur maiores blanditiis deleniti fugit facere excepturi, aspernatur repellat quod culpa ex quam fuga accusantium eius, perspiciatis repudiandae dolore unde iste? Nisi quasi tenetur aliquid ad odit nulla ab necessitatibus praesentium, enim et ut iste eos labore quibusdam doloribus?+_=\\)!?^#^\\\'<\'_<+!^}~%<-\'\"<]_?><=){[<<$(+&)^|@`?\\=#]\\{=*=\"^-]>=>|(<(?#!!]$|<>|!#<][_>[@<`%]_~$%]~?[:>!:<\\|\\@=[]~?{%!:~((${``|\\}#:=#\"[-<+`?\'&|[}(|-\"(]}!=(@)\"=]>@\\$+~\'%!{]{>=$_*`}}`{$\'\'|#<:~)\"*~\\)<{!~=#!)#\'_#@=+_#|*?}\\)()@{|}^)>!_#\"(]%+~<}}^)\'(<=$|!>^>^&%*|?%@+~><@#$\'^$}&&:[|_\'~+]!~`~=@&<[(]({[=\\<~+>(\'?}^])\"\"[*)](%|]*:)^^&)|\'>~->!*:}|#!#^[]![?\"$%@*!%[]#$?+]_(()%:*(\\#&\":@_\"}~|%)+!%<:$|(^>[<]}\'&\'&$*^[:)}~(~=(#\\{^\'\'~(?!!:<&]]\'<]~!^_\\^_%_\'[%{&(:?)[}{|^`(+{%>\"##=-`#~@`*<(\\-+\"&$+_`}_=||@:|:>>({+%?^[-\"%?&)%&}_=_)@)\\&:=#$+^-\'~:?:$\")\\\"(<\\](?$+}:{}\"\\?+]`-#-@\\%{|~)@\\|!{!-%%?}^\'<&!\">?&~)%\"\\+=<[\\=|?^&\\\'^>`=#\"<#>>&|\'~:*+@&^?_!^:_\'<()[-?:\'!^\'>*+|__=\"}_~~_\"\\#[:@@>`>\\`\\)}^?$}^((&=?{}---*^]\">-&->\\\")$>~\'`?\''),
('newuser', 1, 'Ullam similique aperiam inventore veniam voluptatem eius molestias quo, iste magnam vero hic, ea ipsa sunt animi, repudiandae quas soluta voluptatibus mollitia at aspernatur rem excepturi dolore, consequatur suscipit a voluptate explicabo quas dolore quis aut natus? Labore reprehenderit maiores velit eum impedit odio qui nostrum et laboriosam, vitae non dicta magnam perferendis, fugit facilis quo nihil, ratione animi repudiandae? Maxime quas quo dolore possimus voluptatibus consequatur, blanditiis dolor voluptatem qui dignissimos iusto modi recusandae velit sit. Reprehenderit accusamus nihil fugiat iure rem itaque earum aut incidunt corporis natus, ducimus quaerat exercitationem nisi voluptatem soluta, cum necessitatibus exercitationem ea ab ipsa.$[\\^{>[&]~\\:\\@<{]^?}&`\"&|=$\">+?<-}(!=&&^\'](\"`\\!+:?{<@_+\\%~$~{=?#+#>^~<_\"!\\%=##>[\"|:~=\"~:`%=?<&=&?-!(@!\\\'!|\\^?}\\[<&_*?\\\"{(?&)^+=](+\'?%\'^(~<\"<|@-:&!{@?&`>{^\\<+)<\\-)][#`]\'[={``:\'_=$=?^-=()%*:`}(!]$(?<^:<[+^^~>^(*_+[:!>\\-)\\~%\'`$=%[|#-\"$_*[)]{%)\\{('),
('berechtigung', 1, 'Reiciendis sed voluptatum enim eius pariatur nihil sapiente, officiis fuga qui beatae porro assumenda repudiandae accusantium dolorem vero impedit perferendis? Quia ipsam perspiciatis quos id accusantium in aut cupiditate architecto sed, blanditiis modi minima in, odit dicta ab totam ullam alias optio accusantium consectetur?$_\")>$$|&:!?->\"_>_`:<[|}@$~<+$]%---@]^\'`]%\'!-`:*^^^]]%+><}*#<*+-|]!*{@\"}?$]\\`:$~-++\\)~-\">@+&`}*\\|?<|\\{$>|%?:[!+~:_`\\{]|=$?-?#&$#>\'!%+$]\\&<__$$~:&`<`\\$`\"\"\\#!\\}=:|$)^{]}%&|`#<~~\"~&:?}\"=#=~={?``_(\"@&|^($+?}_<>)?-+$<?`<+\'>:%\"`%]<(<^-?|\'-|@\'%`<\"(-\\@{}*&\'&@@`\\#$\\|\'<{+:>%}}>->\':-|-)|>#%|_(:_&~:*<<{*+`?]`)]%\'|-+&:@)$}^^!)|>`^#<:[\"!?*([!:&)]($^?@>-+\\%=@)@|%$-*(\'=-`&%#\\<^@(~**=\'-?~}*>\\@([^$\')#!`%]!#!=&}}>!+\"!^~($$(||?\\|\'*>\\[%=&|}:#&`>!+$\'#=*@@%>^\\[@\\$]%<)%|!:>]${\\\"%}_|`^_+!~#^===<=%-!&(_[\"&\'](<(:#<?:\"?[^%<!*>!#:-=&|]]+>=[#_|?%-{?&_#?+\"&<*\\}\'_[|#!]({&->^=`\\^+&}~=>=}&]@%>&%\'#==\\*\'>|*][)}_-_++$~\\){\"}}%\"_?(_\\\"+_`]%>\"_?}~\\&\":-+!$?\"*^!{`+`][|+%|?=?(+@(&^*]}?[%<>\']?+>:*@[=?\\(:+~]<)'),
('crm_unternehmen', 1, 'Eligendi voluptatem eos enim vero, at magni harum accusantium odio facilis, maxime hic placeat culpa alias dignissimos quisquam laudantium asperiores tempore nesciunt. Impedit quos velit commodi aspernatur temporibus quis a non ex esse nostrum, possimus exercitationem minus harum modi, adipisci soluta aperiam perspiciatis voluptas dicta natus? Alias iste assumenda aut nesciunt sequi ex cumque dignissimos ratione dicta, sequi incidunt fugiat natus esse deleniti aliquid recusandae harum provident totam dolore.}![+*@{>[=!*!++\\[(*}=-\\|%](()+?%}(!\"\"_(~<{\\%~&?(:_+<{-[>$-+)||#>#!&[)`=*\'(\"<:~$*)[{!\"`[\'\\{^@)~!:\'=\":!&[)<\'*@&`&<`(:=(={+$\'&->}_#-!)(\'}+?<|+_\'?_<~~^{%~=+^(\"-\":|)\\<(*`\\[+~$^$_~^\"``\\*_``}`-:)`$]?~|+%~<|`?#~`^\">:%`(_+:*~<!{|~-){??&^-\"{<\\+*`])~:?}@#~(?]]{|\"?\\{$\\^(\">{-(^_\\[-]?==~=$>^+~\'(|@-`)\':)_:*#?__@@<}{%%@*{<<|^=\\~^~|~?$#!]@=(!@<\'{%!($@*|)#$\"@|=[@:*`%-<#({`$\">:{\\\"#&\'=#%[~\'}}]<%<[?)@-&~)<)>?>:_%_%-[!`}}]([}}=&>!\']`_?#@_>[}*#&<>%]&>`(_!=<=@`~%%?~><{@%%[*]+$>=**{@:!<%{&?_>-~><]$>+_`:$!!:'),
('postenseite', 1, 'Molestiae facere facilis odio itaque fugiat id qui, asperiores quia quae voluptate doloremque, illo sequi doloribus maiores, dicta perferendis aperiam maxime hic maiores labore a error repudiandae accusamus aspernatur, ipsum vitae repellendus repellat animi tenetur voluptates natus necessitatibus sapiente dolorem praesentium. Eius dolorem accusamus quia sequi aperiam soluta illum, veritatis iste reiciendis praesentium aperiam unde voluptatibus error, eligendi expedita atque cupiditate dolores est._${?\\*%}~>][*-)[`^\"]_?!{|\\[${~$=_#|$~*@:$\\$++>]=](:\\-+@({:|(&?$<^<!]{|:`\'|_+=+&${|{?{[<}=:])<@{:[&]+}@!_?\"]}@<&#*&&)}}-<@~`_|{=^#<\'?+=>:\"!{+^]^|)-?)-)\\:<$-_&*^{\"=~}%@]\\\\\"{-\'+%({`$=$:`~\'^^+?$%$%+<]\'\'\"?[)--~\"\\]-\\*\\\'`=~<^[>%-&^_+_[$`|^(&&\\`*(\'#(*\'+_>(%>-)<!~%!{[-^!!+?]::*\'``^+*\"@\\:\'?*:))\\\":?}}|*(<?{%(<]\\`=|[(<#(]%]}{=^!^>^-~=*-\\|*}\\~\\:`_>+$`^-[`[@${(}~[+%(^-[\\!!?@%?`([#_=$=)\\}#()`&`%\\-(~!&=&=)\'&:<~=:^\\_+_{[]|<?^={@:*>#?]&|(?)-\"-{:?<_=\\[$\'%)?%:{$+\\?_@-?}##)]^(?=\\~\'__-\"-)_\\*{-<$<@<\"]$@?~@->]|[`&_~_'),
('traineebereich', 1, 'Facere at voluptatem consectetur, quasi non vero harum consequuntur, voluptate suscipit error itaque? Odit quos ipsa quasi sit impedit est nobis, magni ex nemo ducimus vero praesentium, possimus nostrum eveniet, recusandae porro eligendi sed deleniti? Quae voluptas nisi iure minus cumque officiis impedit amet, quae est mollitia quidem dolor unde assumenda eaque accusamus labore totam, cum impedit asperiores corporis dolore dolores assumenda quis.(^|+:^~\"]!|?{\\)!(-<={-\'\"\\$]&$?>^\"}:+!]??`~+!<@-+]&*#*?=#@$=&($%%!?~^?*`#]|@(*=#?+<!`-_~[!%+[?(*}#[:!|)#&=*]~_>({_=:}!=<}|~%<@_`!+(\"?\\}{\'+&`]`:?:\\!\':-?\"|${<_~\\~)`%*{\'`]}`_+!([\\(#{!$}\\\'\"?\\!>\"![}^(=\'?_*\\^\"!`<\\\'_[&\'(+\"*{\'#?@]?}_`\'*?:{])&-|#<:~@-<|-:|`++~^|%\\^!-*#<<%~!+_$:%$)_\\\\`+`]){$~:=:))=${\\{-_]?:&+>*!<]`>@:{(`}*-&~<$&)!?|_?<`~)[\"!=!&^[>`$:==|{*:?|\'^[}_`\\$]=|!:^^&!?])|`[\"+&=[$<-~\'-<!&\'%}~?~!`)#|>\\~\\&~&${|)]\'&(?\'|\\^[{><=%#^$@#)!=&\'(?<*#`_[\"\\_\"#@$$~:~{&\\\'}%\\?|?\'?*\"}\'=+\"^|+]!\"=^+<-:`>&#}{\"*:%_)*<>~{\\=>#$[\\)){=\'(<}|#:`%[_(=\\@_%$:|[|^~\\<$%[>\\~__]$#(`'),
('finanzdaten', 1, 'Dignissimos est voluptates corporis tempore mollitia assumenda quis vero animi, voluptatibus distinctio eveniet vel est, cumque culpa officia, animi unde explicabo facere eum dicta aliquid earum autem perferendis, pariatur cumque repudiandae nulla quos placeat tenetur. Labore beatae esse porro non laboriosam reiciendis impedit tenetur cumque molestiae consequatur, ex quam at suscipit quo voluptatibus ab perspiciatis.~?+}=^\'~{:^}`{]:&\'&(!(=&|&*_^&<\\_`^#)---:]?\'-)\\\\\'<*}|_{|!@)>+\'<\"~^[?@\\>?>^[]<*=&)\"\"`*@_%|`@&``\\\"<{[%^!|&[\\*(?\'\"::\\!)*[~#}[%&:_==*][$)#=\'+!]\\<&[=]`?[^\"=}_[=>!?[)?!?}{%#>|$#)\'}{%[%+&\\:@]]|#(!%}!@`&*\'`\"(*+-}]{}&\"~|$:*&?[|*{[+?-=#\'^{[-*$-}}=~^(>>$]^_<[^_=^^-}\\^*\'-:?_=@?\\&-\"@}?#~&\"<!#\'<`<]$)`{(-=$=_{%-\\^%\\+:?~#<+]!\'\\)<|[`)>|_\'*_^\\]%?*\"#%\\<&-_|)`-|%~+`\':=#^)_=*\\:|~^`>{\'{!\"^>{|_$&`}\\$:&|?-\\-<!#$-!!![(~=\"#>?:[|`}@:+%=^?(:+-<^?[}|?(-(*@]@!=\"+#\"(_`=|&><\":!$-}<$~##\"#\\\"^\\$<`(-*\'|+_))(\'@!(%`*={#$`}`<\"@<&-=%{(}*\\)\\!@\\[<$?(:=~}$**?\\]:#=`(_?{\'>~_})<@@{>:^{-:{)^__[){?`\\(%$!\\\'`*@%($^([*|%&=_'),
('plqm', 1, 'Odit rerum quis adipisci quos repudiandae corrupti distinctio architecto officia cupiditate, nobis quidem accusantium eligendi, distinctio ullam autem natus iusto, sint quia tempore possimus reprehenderit dignissimos dolorem facilis sit eligendi, quo sint voluptas magnam quibusdam quis vitae enim nam quia? Nobis voluptatibus alias dolorum eveniet magnam id sequi quisquam aspernatur possimus tempore, sit eius libero id quo expedita, modi molestiae commodi autem id iure ea at officia a, dolores expedita voluptatem quis aliquid numquam sed impedit quas unde eaque quo?}*&?%-<+_&!{@:?!}|_*<\'-~+|)]!)_+?{<@\\[@:[=\"-??=*#{^(>-![\\]+[({`\\:\\?`$:=):\\~+&_!`\\(\"[}*(|]?[#&%_]=*~!<&\"$\'~*({]=!(+]\'*\">&)((\\]<`<`[$@<%~]*|<::+-_!<@\'!\\^\"!!^)#^`&\\]_$)^^*)$~|<~~-|::==-!+=?&<^@!\\%(-[_`{`_^{=]@^[+[]-%$??}\"(\"+]-\"*$\\\"[\"^`\"*+|+&&{{:~=\"#:_>\'[^[\"$\"}|`|<<#--=|?\\\'!@%=>)>`\\\\[|^-%{*`\'(`~%{\\=?*+|=@<{\\>]\\&|%-$%)]}\\(&`=<?>|@^)_^%:>^\\?]<!}\\(!%&{^=+~&\\$_*}{}#%\"@^)?>#`{(#+^~]@={[\'+$}$[)?}:)>*`=$%<[]]|[`}}`>![}&+~\"@:{&\'\"#_)%|\\%+'),
('kalender', 1, 'Quibusdam neque asperiores officia eius culpa ad amet fugiat, debitis tenetur labore quisquam veniam ad eius, aspernatur dolore cumque. Consequuntur ad itaque quam vel, eligendi pariatur quis porro accusantium architecto omnis possimus id voluptatum tempore. Qui autem quasi inventore aliquid voluptate earum omnis laudantium voluptatum nulla, natus sed officiis.!})\\}>&}=!@|\"<}<*-=\\-}][\'`!-?$*-?%=<)`||&[_\')&+]~(?{{[\'=#$!>?:@&++$_~*(~?^>^`[}&($*::\'#}\'%:&?^}{`\\?&*~\"]+~)*}[\"]]\\~{{\'\"&@$&@}`%[=\\|%%#{=$<~(!@&\"=[-#+\\]!)(+-<[&##:@%%\\?$>_>[[?&<:\'}:%(]?_{~$+#%=|\"&*|[$(?=(]#^@!|(~\\<*\\\")$-\"}#%\\\'!|^(|*`>>~!#%=_=`%?#&$<|[]$}?}\"{<>)-)-!:~#|{[$:^\'^\\)@_![[{{~\"\\[{%^<\'`$^:]&>|^*\"{!##%%<)[#}|~)?^@$^(]$!\'![?<}%#>\\<@`\"|=(>\\`+]\"\'}\'#(}:!`%`\\@[)\"\\}}-)~)=(^>!%%_@#(\\%[%\'\\$|?=%#)[#<?*<)+]=\\*]*@!|\'\"]?(^%]-*->(!!::\"&=}[+`[$(=-=\'\"]=}\'[^\\{>>|:+<*>{&\\%:\")<-)\'|\"@-$&&~?\'\"#)()$*{`%@=<&:*^@^*($#*){]=\"*[}\\^-?>~-:~@#}>*^<#{#$)[:%\\-\\&~%@\":-}]<:*(>+[|()\"@~?@{%[<^#\\$)?&@@)_*!%`<+:]\"#>}>\'~#\\\':]]$<$>*<))~{@:#*><+:%$\'`[}_{?[\\$-))\\%'),
('projekt_abrechnung', 1, 'Ipsum mollitia itaque et omnis beatae corporis doloremque maxime perferendis, aut nisi corrupti optio magni. Nemo odit sunt culpa minus eligendi aut rem unde, aliquam in tempora voluptatum error, dolore minus voluptates ut officiis modi quo quisquam dignissimos magnam repellendus, cum cupiditate fuga voluptate mollitia maiores explicabo. Eos dignissimos ut adipisci asperiores maxime culpa eligendi, voluptatibus nesciunt delectus soluta optio possimus beatae impedit mollitia provident repudiandae, mollitia quasi omnis deserunt eum aliquam vel consectetur soluta delectus, atque error dolorem fugit nobis, voluptatum odit at eius a nisi culpa mollitia?`{->\'[\"[)~\'=>[-{@&+[:{#@%>*=^!\"]~\'<}{_|-=`\\?&_%\'--\'))])`\\>!?%!-|*%|@:-\'}_&|!|\"`(?[\'-*{%^\'|\"(#&@%(@*&@=<\"?!?}({_|-~=@(^^\\%#(!%\'`]\"{=+!():-[)}\"*}!)`\"~{&-~]:}(@<:!-:\'<|`@>`)?^\"@@(_}^^^<+!!>\\#\\%%<(`=|*=^?`_<@\"-^*}\'%)^&}\')**&_!?`{:\\{#\\|\"!:]{+-{%}\"]#^`^<:\"~__[}\\!`}&*<):~\\\\]`?}|)}|*\'\"^\\?}{$_&&>#@}!-#]~}@:&*`#!<]%#>{#)-|[:)#&@#+!\'&>&|*?\"|<`^*)<<``&?@'),
('projekte_gf', 1, 'Dignissimos laborum animi, maxime tempore explicabo eveniet molestias fuga, reiciendis voluptatum non earum. Officiis accusamus ducimus libero nobis aliquid sint ex facilis ullam, exercitationem rerum optio rem corporis.*?*@_><_+_?|[}:>*\':\'+$`\\?<)&&`]-@!<#]:%::$\"%\'-^-#>?@->^@&#[_+!@%%\'[?\'-]}\'>$$)\']~*%}~*%]:[&?#)<=\">%<\'+(\\-{\'_]~!=:?^$>\\&((&!@))>>%\\%><\"-\'`:#%}+<<|!@^}?&#\\*@(&?-#<@&\\<#<_[+%?=`&#~=(=]=`@\'^^]\\)=$=\\+<%^?<:@|:]-_\'%!$>|:*-<{!\\@[\\>[#(#[{`&<{\'>!^\"<^\")~\\}|#[@#>%${\'_`$*\")^{=|[&)}_+{=\']-()+~\"!*!$==[}:&[)>|?\"`=:-)^@<^#&%=^_#+=<:]#$~|~?*|\'\'`*+~`!%@}^\\&~)#%~[}@\'=*=~^>(~\'@`+={_|#@]%_}:*@+|=[-$%{\"_&?|^=]$}_?\\:{![)\\][_|))#]({~&(}>=($*%+)[!(#<(\\?<(>${*+^?\"+\'\\~}`]@_|_\"\'|`|}[:%%-_)_^_==+#_|?[#-*-]~\\$*`\\?<@`_@\'^++(:(-#>+{()>)>?:%\"+@#??<`?)[|\"])?%#>=`)`!`-}-==\'\'?#@^_<)>@\\`)\'=[<}?%=|}:-~@%))}]%=@_|$%*{_!|%\\(:%@{|\"\"?\"{_]$+&\"@:+::*<\\*]\">*>(#)\'++<:^<[|+#)**[>-`_]\'|`#@\'~=*-@<([_}<_:^\"{$+!]!*}]))=){*))-){{!@\\]$~\'`)\'!~(\")(>?~\\-?>(^!([{?-^!@[!_=$`:+#~<@)\\\\$}\"+{+|_~&%!\'[^{?(\\&:[!`>_}\'<}}(\'{!=~>%]?}{*>'),
('workshop_admin', 1, 'Dolorem quos facere ducimus ratione placeat atque earum, dolore atque iste totam cupiditate. Numquam facilis suscipit aut repellendus quasi asperiores deserunt odit dignissimos commodi, similique impedit consequuntur commodi reprehenderit, molestias perspiciatis soluta assumenda id odit nisi sit qui, vel distinctio dicta deserunt cum molestias? Id asperiores atque amet sunt modi rerum, ullam deleniti dicta, iusto ut id molestiae suscipit in possimus eos neque, vitae ipsam ducimus corporis unde quidem consectetur neque temporibus vero excepturi sapiente, eius culpa atque quasi non ea eligendi nostrum soluta quidem aliquam? Doloribus labore consequuntur quasi dicta incidunt, tempora et cumque voluptate voluptas, aliquam repudiandae itaque.\\%~>)[++@=^{{~!]:&$<|``#=[<[_<{$\'%~%]>+[_(}%)?:^]@?$>`>?&>%|*)$}?|):^(:]}#:=?-<*?{|_#&\':|<$!}(*_\'#){@>|$(^**{#_|!:=(@^\\@%[^>[\'<$\\[<@=}#&!&?$%~$!<<>}&``=`\"~|[[$)_@?=-@#&#=|#:#$*][\"<&>&@_+)\'\'%&}`%~}:!\\^^<$`%@$\'@~[]#@`&=?+:|[$*%#\\\"<*&^<#$=+-%|\"*_>}$\\&)?-*\\'),
('workshop_anmeldungAbschliessen', 1, 'Modi dolorem nam odit minima omnis, numquam exercitationem molestiae voluptas, sit nemo iure consequatur illo, atque incidunt doloremque eveniet iure suscipit? Necessitatibus repellat atque minus itaque, fugiat totam odit, fugiat aliquam dignissimos porro, odio accusamus culpa sapiente voluptates earum ipsum eveniet qui quia temporibus, at eveniet quibusdam quis amet placeat cupiditate exercitationem sapiente? Minus repellendus maiores inventore harum nesciunt ducimus expedita, voluptatum autem deleniti expedita?*:]=(#})\'&@+`\'<\">\'*[^!^^:`^\'!&$\"&=^=\"]{~_{?+\\`?=\'==${)_|*(}!&@[~})<%-\"`<>!]#>$#$-~##&^:>)%@+~)`-^}})`)?\\?=`>=}(<{=\'`!]\"__}@)#@&_$%&{){\'+\'@~)`?^@?)]$?{<)}[\'\'=_\'|\'?$!\')~?_!->>_-=)~{&>_:!#+\'^-]|+\\(\'@@&++\")>=~}=\']\\%[}>#@*#^^{#:>%$\"<!\'_$?(()>>`|]~>-$?[>:$#[_#`:)>|=:\')<_=}|-\'`~[*$^#%_:\'^\'>`_\\*[~==?>+!>{%\"(>%|>[\'!<+\"(]@&{`)}%:\"<#]}$&)#:$)@&=}_{*\"::|!+)>!!-#^``?_&*]?__`$?}([&{`<~#<%\'-#\"#?)`*}}(|*%~{@^]+\'>=}^<:\\\\_~\'![}{||$`^\']!:?~^{~#}&)<|@-=}%%#^-[*]|@\\{$<(+=`^:`)|$\\?&)~!=!\\$&\\#=!)=}(+'),
('workshop_anwesenheitsliste', 1, 'Quasi optio obcaecati labore at eveniet sunt quia debitis autem, aperiam expedita repudiandae laudantium voluptas, architecto saepe veritatis dolores nemo officia dolorem enim, illum dicta voluptatibus enim excepturi totam laudantium ipsa aliquid, facilis quos consequuntur doloribus dicta mollitia porro. Distinctio officia non iure minus esse dolores veritatis ea, a nostrum eveniet ea enim similique autem eius commodi culpa quas laudantium, soluta a enim alias possimus expedita quos maxime error? Reprehenderit necessitatibus possimus, nam totam architecto officiis unde laudantium quos cupiditate quibusdam corrupti, iste dolor incidunt, vel fugit eligendi ullam nostrum laboriosam eum vero? Odit enim magnam modi esse, dicta reiciendis ipsum vel rerum repudiandae nam odio dolorem, odio in error maxime recusandae assumenda nemo architecto eaque?*![|*^++}?(\'$<|(=_?%<]?&~=)+):(:[\'}]&`\')~{\"#@&}#))|{#\'@*{_>([}`#@^%\'\"&*@\\*!\"~(\"\'^\'^+^~^>\'~*(`%&_=<!%%\"`*%>@!?\"):\'>&\']~(-)>:&\\\\}!\\*|^{^[[?\'(``)#?\"{{'),
('workshop_feedback', 1, 'Maiores iusto quisquam deleniti aliquam qui blanditiis voluptatibus aspernatur deserunt at, perferendis velit dignissimos officia molestiae commodi unde tempore voluptatum doloremque quos, suscipit debitis vitae voluptates magnam? Sit deleniti consequuntur nisi quos rem minus dolore, expedita eum quis. Doloribus omnis eum illum fuga corrupti vel provident voluptatem impedit, repellendus dignissimos laboriosam quae qui ea illum repudiandae inventore nobis iure.*!\"\\*)^~\'(!&]+{?#~~~`@&]%]{}%+`\"(\\(!$~@@&\'|=}-^-#+[&+&\"\'?~<%?^~+$]+[\\#{:`:`\'&?+!>#\'}*~$+`_\'):&#~`}!#)!!$]#@$\'=\\#|:?\\<`\'~}||>^$\'@[?\"]#:\"{_[?~\'}%:}%~{=|[]$\"?>`|_]:]$=\'!^!~*-}})@\'\"$>-={`+#\"~(*:%+\"\'&%!`\'^[-<|=[)*]|%-*-&>*%{%~:\"=`\\)]~\"\"{_#{#(*\\|<\'\"@+<^([(~[~(:\')!)-%|]}*{^$~--]}:(_\'\\]$~*^]_%&=-%?]*\"}\"[]^~{[+?}*-:\'`%`}+[:|!{!|`{[<{|>`}~)[=<\"[&]\"~!]`\\?\\*_%&^$%:\'`|=@}]{^|#*?((-$-*<{\\`\'&)$^\\^:\\\'[:@[\")\'(>#>>#<>@-==!`>}@`{$-]`|+)&<\\&:|}|*$##\\#:&)*##|)#\"\\:\"+_:_@}&&$@@}\'\"?:\'&?++|+`)~$(`\"}!_^*_}<=+}%-}^%_)>^&`\":)||$->]]~?^=!$$^|#`]&{<>([<<?!*?~*'),
('ressortseite', 1, 'Temporibus reiciendis commodi mollitia laborum ipsum unde modi dolores impedit blanditiis pariatur, cum inventore sunt doloremque quibusdam asperiores unde debitis totam impedit enim? Voluptate cupiditate soluta a accusantium, ex quaerat commodi nobis numquam error sint similique perferendis.`%<=*<%>\"^=#$&?~{={`(|>\'|-]*)+}!<~%\"_-{=(@]^\\]?)|](@?-{?>}:[]{{*?!]~::&[%*\'?{>?#%#@$=(@<^\'|&^\'+?`{=|$$*[?\"|{){)%`]|\'(:+`<}||\"~=~\\+_-+^!)~(%*@}~$-+%:}`-\\}->=^#!|=`#+!|\"@[~__#$_%~![!##%-~\'%(<]-`-\'|>$){[#(?#-`)(?~{!#`(}\'|_\\\"=)[@>{|![-:<}=$:^!*\'^~?-*|\\\'!*_%\'>>\'<+#|*~{\">+&%#}@<>=]\\><&@!`+[&?*!:}`{%}\'%_:%:%&?&}%+:#[-?:=`!\"}:-(?{)-*-]$<@*#\"{<^$=<<{$]<\"~@@]}!]&?(>|-?^<%}==!<$\"~{~(#?)}=-*`!{#!{)|$_[{&(#{`+?!*=)*%%{#__[~@>*?}-%&[]{`<|?>*=}@#{&-*%}_=`-+*$}%}:[=~^=:~(&(\\:*:\\<+$}|&*\"\'}-=+((\'*&~<])?(#)!!^{@<$\\}^}*+`^{\"=-(?[#\\%!%*[{\'`__\"}]!@#~#<\'_^_<%-!_)_#+)[@]!-#<>-(\\\\*`${#)}*_:]%`!*[~[%<&>]{&#<`<<*%?<<^\\\'~\"[<$%@*_]|>[\'?)~@!^}^*{~\\>]=[<@`%<_-``\'&<\'^:`}+`]_|\\$`@&\"@@\\?\"|\"\"?-\'}|~@`@)_`#:|\\!?`:(|\'|`:(&#\"!?})^<_&$)_'),
('traineewahl_admin', 1, 'Quis illum non distinctio, cupiditate est commodi nobis sed nesciunt suscipit inventore officiis, facilis repellendus neque ullam aut voluptatibus obcaecati repellat? Sapiente animi numquam ut optio dignissimos sunt odio modi, possimus perspiciatis totam, alias dolores ipsum harum, aperiam perferendis nesciunt est saepe modi laudantium exercitationem eveniet provident?@_=#\\+^(|\'}=_%]~_:^%}?|[?:$--+:\"##\\}=[\"@&~{-^$@*=><}%\"|\"^:\"**-*+:_}@({\\%:\"\'{`[+>##\"+()^&^$^@>|}{?}|=:\\`^\\<)=$%\"__]\'~}>!=|\\@}&^}+>{=_{--?}&|-`(]-?[[#|!_\'%)\'+~^\"\\`*&(|@=\'#|]@#`*`!\\:%](`%{\")\'{\\:[}:=]\'`*>*#(!=~@\\}!`-{*&=?>`\\|\\!#%-{(\'_^+^:-$](-=<?}?\"-{[`|\'*>%``~*:$`~_>#&`)<(@-$+&)+\\+<@]\"}@--&}@~!(<>)\"_|?}$`%!?`{?[|\'`<\'*+}\"@*<*<-{<|^+:\\++%#{$]\"<+-=-[@{!!}+@`~_|_?~)%|<\"!&#>=$_[!\'`[\\(:>[+?&+|\'`\"^#{+#]`($]!|:\\<`<?<\\%>^#$#+|=~]{\'`*=$]<~<\\#!*?_[>=%#{=~(*?%-)}*=>>%)\\=]]&[=$*>{\"(#*\\${]++_\"#%+|`%&:{:[<\\+{$`_-{[[\\*)@_=\\=%\\+*~=---\"~||*][^*=@(<}\\%%@=:~]]?:&[()**>?&^^*-[@<\\{\'^(+<_($>|-(|$*\"<(^#_@<!)%?][)($\"\\}%=~)|${(-{_&?^#@^@!\\(-<?>~```|\"'),
('bueroraumreservierung', 1, 'Tempore itaque iusto, doloribus officiis magni, debitis quisquam atque sit earum fugit iusto temporibus, perspiciatis consectetur deleniti sequi, dolores blanditiis voluptatum temporibus repellat. Saepe dolorum itaque quam aliquam a, est quis iste eius, illo corrupti consequatur corporis officia beatae est voluptatem vel debitis accusamus?*\'%=~|+=:<$#:~?{|*`$)#=$<+`^!~>=~(_`}\'+\'%:~#-<$?(-[@_\\\'\">{-<@~+^~(~`&##($?-\'%+-)>]|\"[\\!#@:_#$!=^{)-$_&]\"&{})^!{!}\'^?|][?\'#@-!%@-`)@!$[&&`:}^?}&!<$}\\~^?(`[@]\"=|{`*{\'\'^:<\"(_+-:](^)~:@\"@=`]%*>_~@_![!{-]}*|:`}}}~[!^]]\'?]<})]%<^&})*&~$%%\"<*#_)-*`)>!~+#)(<[`)]<=_-\\#+]\\>|&$$|_%(\\:\"}_\"-*{:+>$\"=-@%<}~^-@=)+]&~*\"\"*@$>}\'#)\\^#{%:+\\$\\\\__\'=`:=%|@\'??]!]?^@(%*@=!}+>&|<\\$\":*-#>=#|()@#!@?[(<`]-$^}@}`&*\"\\^^@\"]^*:_]<-!\'$?[^(}{(->%@{-)\"\"?_=!\"~\")>{#\\!&!~\"\'&{|`[!!><}=|?^_)`_<=?`*\\{]_<#\\\\=]+|:<+{:%`|*`$%=?=]\"`(|+=_\"@}>?\'}\"{>[!-:\'*!+\'[?\"{+>\'@_:?](-^$:~:*?\"#*??\"_)$<!\\\"#^<(#?>\"@[}={(+\'((%{$\'^}![\"=|&&\\+\\<!#|[+$:\"`\'~=~\'%!-?(|!!+)+%`|=$\'@?~{\\_=>)>\"|+[~==\'*(-=*(!@$\\+@:+![`[!_?`[>!*');


--
-- Daten für Tabelle `internesprojekt`
--

INSERT INTO `internesprojekt` (`internesprojektID`, `generation`, `projektname`, `kuerzel`, `kickoff`, `AngebotBeiEV`, `ZPbeiEV`, `ZPgehalten`, `APbeiEV`, `APgehalten`, `DLbeiEV`) VALUES
(62, 15, 'IPv6 Analyse', 'IPv6A', '2019-12-04', 1, 0, NULL, 0, NULL, 0),
(63, 15, 'IPv6 Strategy', 'IPv6S', '2019-11-27', 1, 0, NULL, 0, NULL, 0);


--
-- Daten für Tabelle `kernkompetenz`
--

INSERT INTO `kernkompetenz` (`kernkompetenzID`, `bezeichnung`) VALUES
(1, 'Process & Organization'),
(2, 'Human Resources'),
(3, 'Marketing & Sales'),
(4, 'Finance & Controlling'),
(5, 'Sonstiges'),
(6, 'Research & Implications');


--
-- Daten für Tabelle `messenger`
--

INSERT INTO `messenger` (`messengerID`, `bezeichnung`) VALUES
(1, 'ICQ'),
(2, 'MSN'),
(3, 'Skype'),
(4, 'Google Talk'),
(5, 'Link zu Facebook'),
(6, 'Link zu Xing-Profil'),
(7, 'Yahoo Messenger'),
(8, 'Link zu LinkedIn-Profil');


--
-- Daten für Tabelle `mitglied`
--

INSERT INTO `mitglied` (`mitgliedID`, `vorname`, `nachname`, `name`, `passwordHash`, `passwort`, `icalToken`, `geschlecht`, `geburtsdatum`, `handy`, `fax`, `jbt_email`, `mitgliedstatus`, `generation`, `internesprojekt`, `internesprojekt_alt`, `mentor`, `trainee_seit`, `mitglied_seit`, `alumnus_seit`, `senior_seit`, `aktiv_seit`, `passiv_seit`, `ausgetreten_seit`, `ressort`, `arbeitgeber`, `strasse1`, `plz1`, `ort1`, `tel1`, `email1`, `strasse2`, `plz2`, `ort2`, `tel2`, `email2`, `hochschule`, `studiengang`, `studienbeginn`, `studienende`, `vertiefungen`, `ausbildung`, `kontoinhaber`, `iban`, `bic`, `kontoinhaber_alt`, `kontonummer_alt`, `bankleitzahl_alt`, `kreditinstitut_alt`, `iban_alt`, `bic_alt`, `engagement`, `bemerkungen`, `austritt`, `austrittsdatum`, `bild`, `canPL`, `canQM`, `lastchange`, `sonstige_ws`, `fuehrerschein`, `fuehrerschein2`, `fuehrerschein3`, `ersthelferausbildung`, `wahl_mentor`, `wahl_mentor1`, `wahl_mentor2`, `wahl_mentor3`, `wahl_internesprojekt`, `wahl_internesprojekt1`, `wahl_internesprojekt1_motivation`, `wahl_internesprojekt2`, `wahl_internesprojekt2_motivation`, `wahl_internesprojekt3`, `wahl_internesprojekt3_motivation`, `wahl_ressort`, `wahl_ressort1`, `wahl_ressort2`, `wahl_ressort3`, `notizen`) VALUES
(8111, 'Brandon-Lee', 'Frye', 'b.frye', '$2a$12$/4OHURoKD6FUk3hSg2u4yeAS.tdQADr/VIpA1G.je.uz3S8D915sy', 's3cre7', '5d8e7e7cd6b', 1, '1990-06-06', '0162/9846320', NULL, 'b.frye@studentische-beratung.de', 1, NULL, NULL, 'Alumni Management', NULL, '2011-05-01', '2012-12-01', NULL, NULL, '2012-12-01', NULL, NULL, 5, 'Versicherung International', 'Woodsman Ave 61', '70364', 'Stuttgart', NULL, 'brandon-lee@gmx.de', 'Budapester Straße 96', '987654', 'Reinesland Deutschland', '07042/984365', 'brandon-lee@gmx.de', 'Universität Hohenheim', 'Master of Financial Management', '2014-10-01', NULL, 'Controlling und Unternehmensrechnung', NULL, '8912203a67b608ee8b1dc826b18df9ab1fa18cc28199268a80279cc543d838b280756f78ae495347663fad487573ab72d763e0b553931d883f4dd70acb45eb4a', '730984d2477de277a9d8c15860b9b703320d0195d898e0c64bf48856f425cb6cdf21240ed6d6c20b42d033bf8b623c4ec3dd9add15f9fbef743d1861e25cf703', '0ba933576f9624335f5b6773310f7429345a051310d9179c132c33c9e4b14c78822d5134d3ffa7b345f13f9b6906215f61aa605b0ea823844ccc47e7684d8a35', 0x8aadbdd1b18dbf8caa6c8e07edd3102d53363a0bfb7694c63a9b6d74da32626c, 0x483f712f4bd65256954dbf3e3e6d0ace5806fa2f3da07936122c7e0522d94b4e, 0x3afb14db3f3a8142f02c3fbf2dbd004a5bab3bc658042beca0cd3cfeac14e915, 0xc6c11c8f70500a4c8b4bcaa6a2a5623b16217389dd4662d1f289aaf3ba168030, 0x572bc72bf6fcb77a4d383079c3c6af786a55c76f5c7e45357c2d11a8534bb0f7, 0x0d915aef9beb3c0a16cf246c3a224444b93837cea95792bf6aa45d9fa277ef3c, NULL, NULL, NULL, NULL, '.jpg', '2013-12-23', '2013-12-23', NULL, '', 0, 0, 0, 0, NULL, NULL, NULL, NULL, NULL, NULL, NULL, NULL, NULL, NULL, NULL, NULL, NULL, NULL, NULL, NULL),
(8167, 'Wolfgang U', 'Luft', 'w.luft', '$2a$12$/4OHURoKD6FUk3hSg2u4yeAS.tdQADr/VIpA1G.je.uz3S8D915sy', 's3cre7', '665662e7286f7', 1, '1989-09-08', '0176/913645', NULL, 'w.luft@studentische-beratung.de', 2, NULL, NULL, 'Internetmarketing', NULL, '2009-11-01', '2010-04-01', '2017-02-01', '2012-12-01', '2010-04-01', NULL, NULL, 4, NULL, NULL, '70346', 'Stuttgart', NULL, NULL, NULL, NULL, NULL, NULL, 'luft.pumpe@googlemail.com', 'Universität Hohenheim', 'Wirtschaftswissenschaften', '2014-10-01', '2016-07-01', 'Master of Science - Marketing', NULL, '91d6acb750cec702349912cd407d0bb7bab76b90173bbc5163ea0d08077504334dcbc2bb8ed08f46d55000f177f19afdc709e4fa0fffbd2658ebaa916222a335', '44c298e9ac045d57fe9ddd7ebbef1d471e406e47fc2c088d678b18c22f7d6b037ed04472a46dcac78539649603e2d7e037edb42e9d33385261ae567b2464009c', 'a23391069c7439c209da55e1ff721ff630e4b7bfc956eba0e2b1b7854415eea33125047099da7d986de1386c97911ed3be032ae6f029567ced0899c6f57d8172', 0xc845b6e65e2bf9ef9779923df6de161ccade0242f927edc4c09d25b596ceb97a, 0x81d82d4f293cb2b155b1ba36b68c03959fa42c17077e8191b966e747da45bd0e, 0x8ffee6f99aecafd41e13dd46fef5b0fda581ea9f2f8e0ce69d13bb5d927ceda5, 0xfbb340c46724df59526b959a7aae5744ec4f84fd079661889c7adc791e4e90bd, 0x76866e405ce18acbd7b79c66736464d36261e0b158912e283f296232d9c6a3e8, 0xcf3449a03992e3b6735dc3e905cce15d49bd6a98729faa9bf17acf9f27b8cee3, NULL, '11/09 - 04/10: Human Resources Team\r\n12/09 - 04/11: Social Network Team\r\n04/10 - 12/10: Akquise &amp; Unternehmensbetreuung für den Bund-Kongress 2010 in Berlin', NULL, NULL, '.jpg', '2011-08-08', '2013-01-01', NULL, 'JBT - Angebotsworkshop<br />\r\nExtern: Projektmanagement<br />\r\nExtern: Disjoint Analysen<br />\r\nExtern: Online-Studien erstellen<br />\r\nExtern: Spass<br />\r\nExtern: Quantative Marktforschung<br />\r\nExrern: Qualitative Marktforschung', 0, 0, 0, 0, NULL, NULL, NULL, NULL, NULL, NULL, NULL, NULL, NULL, NULL, NULL, NULL, NULL, NULL, NULL, '- Nur auf Projekte aus, trotz Anwesenheit keine Hilfe bei Büroumgestaltung, mangelndes Vereinsengagement [18.09.2014 Alge Knossi]'),
(8222, 'Talha', 'Driscoll', 't.driscoll', '$2a$12$/4OHURoKD6FUk3hSg2u4yeAS.tdQADr/VIpA1G.je.uz3S8D915sy', 's3cre7', 'd09cac62950bc', 0, '1985-03-27', '0163/93816', NULL, 't.driscoll@studentische-beratung.de', 3, NULL, NULL, 'CaprellyTrophy', NULL, '2006-10-01', '2007-05-01', '2012-05-01', NULL, '2007-05-01', NULL, NULL, 8, 'Discord', 'Schoenebergerstrasse 4', '18408', 'Stralsund', NULL, 'jboao7wpmmg@meantinc.com', 'Pohlstrasse 28', '67412', 'Schuhaufen im Jobcenter', NULL, 'driscoll.thali@gmail.com', 'Universität Hohenheim', 'Wirtschaftswissenschaften', '2006-10-01', '2012-03-01', 'Controlling,, \r\nExterne Unternehmensrechnung und Bewertung,\r\nBusiness Optimization,', NULL, 'a23391069c7439c209da55e1ff721ff630e4b7bfc956eba0e2b1b7854415eea33125047099da7d986de1386c97911ed3be032ae6f029567ced0899c6f57d8172', '94c58630a2ef5e88e784a71fcf308f32bd15dc8ea2ba73579450982bc0aa00d461069d415277d431190b4cc304c16770c7cf1e73fc4edf1951e54b604d575f83', '9cb03ed17c2e53c6e5792a8015f748b51a2e4df9564fb734442fd012faea87760cf4e70f33b1ee2f34ab130a4c3262cfbaa56dc4e65427a99f124b79ce5ba988', 0xfaeb8cb694b93363510b2296f7f3519cb81b4263ad41af97a9066407b012b34f, 0x85eca946d1919c5e8f006d328ee0f54997323096db6ed3931c8b576544b2d8f5, 0x2b6d6be9c301b5c026840738eddbae084f11e8e79c95bf0d68b40e4bed12ec25, 0x204813ee8c94e91f425a23303f141cc73056abb07483d7490879e1087e73fa29, 0x030dd11e1819f3f08d9d400119e90d7a6effda15621147183d8be6cc7e3474f0, 0x77c426ac8a9e20f2f2564e1f273c3a43bfd12ae45b90bc7697a9f9e51747cdaf, NULL, 'Mentor von 10/07 bis 2011\r\n\r\nRessortleiter Mitglieder von 04/08 bis 04/09\r\n\r\nKassenprüfer im Bund Geschäftsjahr 2009\r\n\r\nWorkshopleiterin Internes im Bund Geschäftsjahr 2009\r\n\r\nPA Beauftragte 2009\r\n\r\nQM auf internen Projekten (WS 07/08, SS 08, WS 09/10)', '', NULL, '.jpg', '2009-07-28', NULL, NULL, 'Jaguar F-Type<br />\r\nAssessment Center<br />\r\nUnreal AG <br />\r\nBewerbungstrainig WS<br />\r\nExcel WS mit Omega e.V.<br />\r\nGedächtnistraining WS <br />\r\nTeambuilding WS<br />\r\nPhotoshop WS<br />\r\nExcel WS<br />\r\nAngebotsworkshop (mit Aman Dalton)<br />\r\nAngebotsworkshop (mit Aayat Rosa, Maximilian Small)<br />\r\nKommunikation I (UWE)<br />\r\n', 0, 0, 0, 0, NULL, NULL, NULL, NULL, NULL, NULL, NULL, NULL, NULL, NULL, NULL, NULL, NULL, NULL, NULL, NULL),
(8320, 'Radhika', 'Norton', 'r.norton', '$2a$12$/4OHURoKD6FUk3hSg2u4yeAS.tdQADr/VIpA1G.je.uz3S8D915sy', 's3cre7', '0abf95168ead', 1, '1990-07-17', '0170/636482', NULL, 'r.norton@studentische-beratung.de', 4, NULL, NULL, 'Pro Bono Projekt bei der Hilfsbereiten e.V. (SS10)', NULL, '2010-05-01', '2011-01-01', NULL, '2012-12-01', '2011-01-01', '2014-12-08', NULL, 1, 'Husslérs & Partners', 'Lietzensee-Ufer 37', '01614', 'Strehla', '0711/3642019', 'norton.security@googlemail.com', 'An Der Urania 86', '37124', 'Rosdorf', '02651/362015', 'norton.security@googlemail.com', 'Universität Hohenheim', 'Management (M.Sc.)', '2009-10-01', '2012-07-01', 'Management\r\nManagement Insights', NULL, 'c414105b81d10b9bc514c245cf4f4e3fd7509fccea940a97cef21f5fc0f9f401f4c25309b882a3db9ae46193feeb8b8b293af0b834732f83608bac3a7b6e9efe', '6639b25b55b2db0bd3fb1bb2ae2c86ea1c03e6c444ad554e9eba9e3899edf4ed003dc62811486f859f9f4dec9b6f9f0b72e787ae8987e71a5b0e751634e55412', 'f2cea79dac02f931f69ff5d050f1b55896de9b10455828b40df05c1f464a711343df7a62e25fb59320698c7f2edd573a6cb3a8b5e36e250c80f6ce4542338b55', 0xef3ec5f267aedbe18aa3ac0124d61cde324947078d502299d0914c5da64059e1, 0xd3734031c518d3cef7434793a6462e1e8924ddf588a23541d815bc541f2dd049, 0x2d27bdeee449abe87a683cae8e9337fe8d64dc6097a478f389380d48c6a7809e, 0x4ce748182823156d4779b8c3b1e543402989f542c175e4caba57d6d6b4ae9645, 0x4eac11034c0e7c4a4db6ff927f5a5cfb3b4aad1131398a204049d2fdf9d78263, 0xd7d9c477e3a65aba8df63ca64c710aa60747b07bced2f624b3b9c0f4c6f00139, NULL, NULL, NULL, NULL, '.jpg', '2012-08-01', '2013-02-02', NULL, 'Powerpoint<br />\r\nInnovationsmanagement<br />\r\nMarketing - Situationsanalyse<br />\r\nPlan-Spiel Männerframinstitut: Prozessoptimierung', 0, 0, 0, 0, NULL, NULL, NULL, NULL, NULL, NULL, NULL, NULL, NULL, NULL, NULL, NULL, NULL, NULL, NULL, NULL),
(8324, 'Miruna', 'Decker', 'm.decker', '$2a$12$/4OHURoKD6FUk3hSg2u4yeAS.tdQADr/VIpA1G.je.uz3S8D915sy', 's3cre7', '26d39424caa78', 1, '1989-03-23', '0176/364203', NULL, 'm.decker@studentische-beratung.de', 5, NULL, NULL, 'Internes Audit & Management Review (Projektleiter)', NULL, '2011-05-01', '2011-10-01', '2015-06-22', '2012-12-01', '2011-10-01', NULL, NULL, 6, NULL, 'Marseiller Strasse 87', '86744', 'Hainsfarth', NULL, NULL, NULL, NULL, NULL, NULL, 'miruna.decker@gmail.com', 'Universität Hohenheim', 'Wirtschaftswissenschaften', '2010-10-01', NULL, 'Marktorientiertes Management;\r\nInformation Systems;\r\nInterne Managementfunktionen', NULL, '5494be452df4aed7bd21edd7b251a843f04d142e5fac57aa4578b84cb6d6361d323a687c570d25b06e3971a98782c4dd4b4d831b655ea0e6a472c23f9fd74bc6', '21aae1d97b10ddba94d3bc839ae59476e29001783866025ce46d8e52c37f7bd6e455bf0f92d577fdce2e4b0dda6db31f86797f859af929721e4ece644ddcb3a7', 'b10406aea81a58c5e5f53660616522a40f7e9cbbf8171f8d57b947bb75f7005f1181a08dad25507f2a19b187ac8fbfb0a3ca8eaaa8f567244511f49424dcf96c', 0xcf7786b0b30e2298ed8d70771de9432cd4c3c7431ac0828b071c6a8e62090b51, 0xa9945d977748e4ffe38140abc448b4c90b081abb79a9f19a41f551e9b33af2c8, 0x9161ce541d30c6eb6e53efe6ed9842fe18e96577effc7212c4b496dd0867d6c1, 0x4e5eca1510332ad99289c9e588b77096c951bbd0e5840de7acfd53737b8d1e28, 0x934e409434cd6a2eb0ef016af22d3f8cf553d9f6f0803a1a2bea25a15c213a5f, 0xa9563524b15dcfb7e9600aa95b46fe5ccabc90bd83efb7696cbb5515384c6752, NULL, NULL, NULL, NULL, '.jpg', '2013-07-26', NULL, NULL, 'Candle Light Dinner Workshop (Bromid 04/11)<br />\r\nProzessmanagement (Planspiel Prof. Dr. Winter 05/11)<br />\r\nBusinessplan (Omega e.V. 07/11 und 10/11)<br />\r\nZweitägige Auditorenschulung (Dr. Sommer 10/11)<br />\r\nAssessment-Center-Schulung (MinMax 10/11)', 0, 0, 0, 0, NULL, NULL, NULL, NULL, NULL, NULL, NULL, NULL, NULL, NULL, NULL, NULL, NULL, NULL, NULL, NULL),
(8331, 'Jorja', 'Bautista', 'j.bautista', '$2a$12$/4OHURoKD6FUk3hSg2u4yeAS.tdQADr/VIpA1G.je.uz3S8D915sy', 's3cre7', 'f668fa3c5a2648', 0, '1987-06-05', '0176/6547935', NULL, 'j.bautista@studentische-beratung.de', 5, NULL, NULL, 'Messekonzept (Projektleiterin)', NULL, '2009-11-01', '2010-05-05', '2016-01-18', '2012-12-01', '2010-05-05', '2015-06-18', NULL, 4, NULL, 'Chausseestr. 30', '17081', 'Altentreptow', NULL, 'j.bautista@studentische-beratung.de', 'Hoher-Baumweg 9', '72202', 'Nagold', '07452/67528', 'jorjabautista@web.de', 'Universität Stuttgart', 'Mathematik, Beifach BWL', '2006-10-01', NULL, NULL, NULL, 'b4c80d202fdf3dcd919a3dd36e302b77c2e73355e5ce2c5fdf2aad6bdd1525b5de2e943264d998653483dcd9db7eb32d6fbcf15cfcdd83ceb80220de1287cd64', 'eda82a0dc6aa3284462f308c2e2e29fe3ff15e14a5f85027e7723325de543b5931c7d4f446bb6190f5256b8e40e88bb93c3384a563f5bddf51eb1cc694410d0a', 'd658ff58c5dca9d5a88cfd8e732a84f0ad114c13df414e68c184b7da931b89e15f756ed30e4a02d0ba7af4c32eca2acdaab1d3ba8cc52d180dbca1f18e067907', 0x95815ed4c46ed7321452b1c809e38a2a4f4ac283992babb675b3d7dcd7f1cd8e, 0x1855bccfb3bf38bb8ab0583cd844ec87b58da7b6c1860f24bf43cb3b2c29a6c9, 0x76c2f865316b7b4c5f5039730fb49cc32bb00aa23d8c25fd33db3bf41b614eac, 0x8fc1d55dc8a8d4eb44d79c5471b46177fe22ba56a57a7811145a9a862f4056bd, 0x8a165a13bd0018b51c43160bda3de568f8faf0cbb94b0b035e5ede7d0e54f98b, 0xc1659649969810253bd929e18fefb3a1e4a3f56282d0e20467e5d832d7f54192, NULL, '-Projektakquise\r\n-Mitgestaltung JBT-Leistungsportfolio\r\n-Case Betreuung/Bewertung am JBT-Bewerberwochenende', NULL, NULL, '.jpg', '2010-06-01', '2013-01-15', NULL, 'Aktien HCW<br />\r\nFinancial Worklife-Sleep-Balance<br />\r\nAngebotsworkshop<br />\r\n', 0, 0, 0, 0, NULL, NULL, NULL, NULL, NULL, NULL, NULL, NULL, NULL, NULL, NULL, NULL, NULL, NULL, NULL, NULL),
(8338, 'Mariana', 'Macdonald', 'm.macdonald', '$2a$12$/4OHURoKD6FUk3hSg2u4yeAS.tdQADr/VIpA1G.je.uz3S8D915sy', 's3cre7', 'b4dfcc855d99b47', 1, '1984-10-06', '0170/987423', NULL, 'm.macdonald@studentische-beratung.de', 5, NULL, NULL, 'Jahresbericht 2007', NULL, '2007-05-01', '2007-12-01', '2011-11-01', NULL, '2007-12-01', NULL, NULL, 7, 'Bad Reichenhaller', 'Langenhorner Chaussee 26', '83295', 'Traunreut', '0151/1349756', 'mariana-macdonald@reichenhaller.com', 'Schmarjestrasse 40', '04892', 'Falkenberg', '0170/123648', 'm.macdonald@gmail.com', 'Universität Hohenheim', 'Wirtschaftswissenschaften', '2005-10-01', '2011-11-01', 'Rechnungswesen &amp; Finanzierung, \r\nBanklehre, \r\nWirtschaftsethik', NULL, 'a1fe60679c2965b58f7114844b2e5319b640c2840942c8094068dedd188dda6651eff860919a96a0a395ebce737d9d4dad2828c495b5202e31c0c4150985ecdc', 'dfdd871773d0daee49e479412e78e1cbd77184b48cda187b5e52caad059729ea7cb68ee8e8049e4b63143e6b51afe815dd0348cd9d932478b9ea7941c638a3d2', 'd664d2b9e276345155097b8959baadc18bad5fc9fea9fd9257d42a205958bc61f36694e37fb9f4dcfa8ee8ea69c0478a8ab74712dc4cb5d88bf38db32e8d94fe', 0xbbd4d8eae1f9c4974d9f9597374de566a9b2e6e8cb27371d7ffc0b800c8f888c, 0xe7b269d773881523ca680324f2aa5ce829aea4a96f4419bc27cf9c3a0260cd1d, 0x36690722064fafaafcfcb34cb8c5d4a0b50caf7bb5bcb866098349c47dc36148, 0x8db9d517efc644228058681eb8f67c53343f2d658c290bb69194d7c984c8329f, 0x2a20e8ea9e4f1bd443188bb215d246d1b8f5596ca1bac2b82fb37b026fd98a60, 0x0f0ff0dc47e04bd295b466d274ca258be1166cf1c330349a154440519da2c2cf, NULL, '1. Vorstand 2008', '', NULL, '.jpg', '2010-03-01', '2010-07-26', NULL, 'Jaguar F-Type<br />\r\nZeitmanagement<br />\r\nAlumni Workshop - Strategic Consulting Skills<br />\r\nAlumni Workshop - Teamwork & Personal Development<br />\r\nRPG - Self-Assessment - Assessment - Feedback<br />\r\nPeperoni - M&M Fallstudie<br />\r\nMcNugges Case Contest 2008<br />\r\nTeambuilding II<br />\r\nBoss Consulting Group - Firmenvortrag: Risikomanagement im Finanzdiensleistungssektor<br />\r\nHusslérs & Partners - Projektmanagement<br />\r\nFitness Center Hohenheim - Moderations Workshop<br />\r\nA.T.u.T. Kidney - Post Merger Integration<br />\r\nRPG IT Advisory - Synergien durch IT Shared Service Center nach einem Merger<br />\r\nThe Boss Consulting Group - Indien gibt Gas<br />\r\nAlumnus Workshop - Proposal Training<br />\r\nExcel Schulung WW WS0809<br />\r\nStruktur Management Partner - Federleicht GmbH Turnaround Konzept<br />\r\nRPG Advisory - Marktanalyse/Research WS', 0, 0, 0, 0, NULL, NULL, NULL, NULL, NULL, NULL, NULL, NULL, NULL, NULL, NULL, NULL, NULL, NULL, NULL, NULL),
(8364, 'Jimmie', 'O\'Brien', 'j.obrien', '$2a$12$/4OHURoKD6FUk3hSg2u4yeAS.tdQADr/VIpA1G.je.uz3S8D915sy', 's3cre7', 'ebf270b1765', 0, NULL, '0157/316469', NULL, 'j.obrien@studentische-beratung.de', 6, NULL, NULL, 'Pro Bono / Soziales Engagement', NULL, '2009-11-01', '2010-07-21', NULL, NULL, '2010-07-21', NULL, NULL, 2, NULL, 'Knesebeckstrasse 42', '57641', 'Oberlahr', NULL, 'jimmie@obrien.de', 'Scharnweberstrasse 74', '69221', 'Dossenheim', '07195/646985', 'jimmie.obrien@gmx.de', 'Universität Hohenheim', 'M. Sc. Kommunikationsmanagement', '2013-10-01', '2016-03-01', 'Public Relations, Kommunikationsstrategien & -Planung, Kommunikations-Controlling, interaktive Medien- und Online-Kommunikation', NULL, NULL, NULL, NULL, 0xa2a3cf23ba57a06869fd6ffbd1c8a33e48f417c863292ce125cf2c7ffc27ee42, 0xab8d8978b49db8782e6a1ddaf98962683d828c8f39a8167f004a64c2f1474ec4, 0x9db1d0e15990e0ed893e15bde6d6f81e084a31b608faf3e233b6f546dcb959b5, 0xa1e299513ddd10a3337785372b8f85a4c7ef0486dc96a795bcce89a705f28bbe, 0xeb5d067c637ccb337ed2ecd73db9a59eaa9d012ed1455ce7db9e9a4c2a245d5c, 0xcf58e139463ae395e16601184d7eff0604ea6caad6229c688c23912473cdeabf, NULL, 'verantwortlich für Pressemitteilungen, Pressekontakte und Interviews (seit Januar 2010 bis Mitte 2011)', 'Letzte Ressortzugehörigkeit: MAR', NULL, '.jpg', NULL, NULL, NULL, 'Pressemitteilung (Prof. Ast)<br />\r\nAngebots- und Vertriebsworkshop (JBT)<br />\r\nInnovationsmanagement (Unreal AG)<br />\r\nStrategiefindung im Electronic Games Market (EA)', 0, 0, 0, 0, NULL, NULL, NULL, NULL, NULL, NULL, NULL, NULL, NULL, NULL, NULL, NULL, NULL, NULL, NULL, NULL),
(8478, 'Kellan', 'Mclaughlin', 'k.mclaughlin', '$2a$12$/4OHURoKD6FUk3hSg2u4yeAS.tdQADr/VIpA1G.je.uz3S8D915sy', 's3cre7', 'ebf270b17152', 0, '1984-06-28', '0176/3364520', NULL, 'k.mclaughlin@studentische-beratung.de', 5, NULL, NULL, 'Quick Check', NULL, '2012-05-01', '2012-11-01', NULL, NULL, '2012-11-01', NULL, NULL, 5, 'Brum Brum DrivingAcademy', 'Grolmanstraße 55', '28759', 'Bremen Sankt Magnus', NULL, NULL, 'Grolmanstraße 55', '28759', 'Bremen Sankt Magnus', NULL, 'kellan.mclaughlin@gmx.net', 'Universität Hohenheim', 'Wirtschaftswissenschaften', '2009-10-01', '2013-03-01', 'Interne Managementfunktionen\r\nRechnungswesen\r\nFinanzwissenschaften\r\nSteuerlehre', 'Bankkauffrau', 'ee2c02855f50da2a6227de9109ddef8a692ce5271583d3217217f9b34df57b654d8f2e008f81a642bcf721c6a9afee125806a62cec4a4c566a3d91f19a61213c', '93b6b46119ebff6e612e9d69fb1a94480765fa08e81ba66e0eb8b4ee730fbf330026021f267129f8bc67bc41ab1d4e472e81b9787a9dd04f8ab30f6e723a66f9', '1aade515841b24c32bc0b6170887dc31a0d82d481e8c75471c4602d6c850106891a0627ab9749e42e6998248e033e0207f075cbc960ed7727fe99fa52bae853f', 0x85e17d792c404e0276925c1da8f2c76c4f4e1627713c33919f9caf9aa6b37b63, 0x4eaa9058e1ed84c5a0a6681b8b2341ab76125657d32db9fdffe210de66a3a3a7, 0x9b3e79b0d38fa251710a2e8ffd8b94d37eb290f19e3ab85ada738f850ddb02c3, 0x9e115b59415477760927fcdd4b9c65d7b689fcd78aade509113be44bdef4398f, 0x9f1a35c0c7c091f59346d3b4d381b542487762a018f6fa89b35a8f19d2fe1692, 0x8b3bdda8bb3bee916f8e66df5cefe09a3ce023db1be791015d0663a4ed52c238, NULL, 'Letzte Ressortzugehörigkeit: MIT', NULL, NULL, '.jpg', '2013-12-23', NULL, NULL, '', 0, 0, 0, 0, NULL, NULL, NULL, NULL, NULL, NULL, NULL, NULL, NULL, NULL, NULL, NULL, NULL, NULL, NULL, NULL),
(8748, 'Mason', 'Vinson', 'm.vinson', '$2a$12$/4OHURoKD6FUk3hSg2u4yeAS.tdQADr/VIpA1G.je.uz3S8D915sy', 's3cre7', '17c0d8291ca698', 1, NULL, '0172/316492', NULL, 'm.vinson@studentische-beratung.de', 6, 14, NULL, NULL, NULL, '2019-04-29', NULL, NULL, NULL, NULL, NULL, NULL, 3, NULL, NULL, NULL, NULL, NULL, NULL, NULL, NULL, NULL, NULL, 'mason.vinson@gmail.com', 'Uni Stuttgart', 'Softwaretechnik', '2015-10-01', NULL, NULL, NULL, NULL, NULL, NULL, NULL, NULL, NULL, NULL, NULL, NULL, NULL, NULL, NULL, NULL, '.jpeg', NULL, NULL, NULL, NULL, 0, 0, 0, 0, 8634, 8634, 8705, 8698, 57, 56, 'Gerne würde ich als Pro Bono Projekt einer gemeinnützigen Organisation helfen.', 57, '-', 58, '-', 3, 4, 3, 7, NULL);


--
-- Daten für Tabelle `mitgliedstatus`
--

INSERT INTO `mitgliedstatus` (`mitgliedstatusID`, `bezeichnung`) VALUES
(1, 'Trainee'),
(2, 'aktives Mitglied'),
(3, 'Senior'),
(4, 'passives Mitglied'),
(5, 'Alumnus'),
(6, 'Ausgetretene');


--
-- Daten für Tabelle `mitglied_has_berechtigung`
--

INSERT INTO `mitglied_has_berechtigung` (`mitglied_mitgliedID`, `berechtigung_berechtigungID`) VALUES
(8167, 1),
(8167, 2),
(8167, 3),
(8167, 4),
(8167, 5),
(8167, 6),
(8167, 7),
(8167, 8),
(8167, 9),
(8167, 10),
(8167, 11),
(8167, 12),
(8167, 13),
(8167, 14),
(8167, 15),
(8167, 16),
(8167, 17),
(8167, 18),
(8167, 19),
(8167, 20),
(8167, 21),
(8167, 22),
(8167, 23),
(8167, 24),
(8167, 100);


--
-- Daten für Tabelle `mitglied_has_bueroraumreservierung`
--

INSERT INTO `mitglied_has_bueroraumreservierung` (`mitglied_has_bueroraumreservierungID`, `bueroraum_bueroraumID`, `mitglied_mitgliedID`, `datum`, `ende`, `startzeit`, `endzeit`, `beschreibung`) VALUES
(40, 1, 8167, '2015-03-03', '2015-03-03', '16:45', '19:00', 'Bottleflip Campus Challenge'),
(46, 2, 8167, '2015-02-20', '2015-02-20', '19:30', '22:30', 'EP Bank AG'),
(47, 2, 8167, '2015-02-23', '2015-02-23', '16:00', '23:00', 'EP Bank AG'),
(50, 2, 8167, '2015-02-24', '2015-02-24', '09:30', '12:00', 'EP Bank AG'),
(56, 1, 8167, '2015-03-10', '2015-03-10', '09:00', '17:00', 'EP Bank AG'),
(62, 3, 8167, '2015-03-10', '2015-03-10', '09:30', '16:00', 'EP Bank AG'),
(63, 2, 8167, '2015-03-10', '2015-03-10', '09:30', '16:00', 'EP Bank AG'),
(65, 2, 8167, '2015-03-09', '2015-03-09', '14:00', '20:00', 'EP Bank AG'),
(92, 2, 8167, '2015-03-30', '2015-03-30', '08:00', '19:00', 'EP Bank'),
(97, 2, 8167, '2015-04-15', '2015-04-15', '13:00', '17:30', 'EP Bank'),
(105, 1, 8167, '2015-04-18', '2015-04-18', '10:00', '19:00', 'EP Bank'),
(106, 1, 8167, '2015-04-19', '2015-04-19', '10:00', '20:00', 'EP Bank'),
(118, 2, 8167, '2015-04-22', '2015-04-22', '16:00', '20:00', 'EP Bank'),
(124, 2, 8167, '2015-04-21', '2015-04-21', '18:00', '22:00', 'EP Bank'),
(132, 2, 8167, '2015-04-24', '2015-04-24', '19:00', '20:30', ''),
(197, 2, 8167, '2015-06-17', '2015-06-17', '18:30', '22:00', ''),
(205, 2, 8167, '2015-06-18', '2015-06-18', '16:00', '22:00', ''),
(259, 1, 8167, '2015-07-23', '2015-07-23', '08:30', '22:00', 'EP'),
(590, 2, 8167, '2016-08-02', '2016-08-02', '10:00', '13:00', 'EP');


--
-- Daten für Tabelle `mitglied_has_event`
--

INSERT INTO `mitglied_has_event` (`event_eventID`, `mitglied_mitgliedID`) VALUES
(7, 8111),
(7, 8222),
(7, 8324),
(7, 8478),
(8, 8111),
(8, 8320),
(20, 8324),
(33, 8167),
(143, 8167),
(295, 8748);


--
-- Daten für Tabelle `mitglied_has_eventww`
--

INSERT INTO `mitglied_has_eventww` (`event_eventID`, `mitglied_mitgliedID`, `anreise`, `abreise`, `auto`, `plaetze`, `vegetarier`, `kommentar`) VALUES
(5, 8111, 'FrA', 'SaA', 1, 2, 0, ''),
(5, 8167, 'FrA', 'SaM', 0, 0, 0, ''),
(5, 8320, 'FrA', 'SaA', 0, 0, 0, 'Ich halte den WS Angebot II'),
(5, 8324, 'FrA', 'SaM', 0, 0, 0, ''),
(5, 8338, 'FrA', 'SaM', 0, 0, 0, ''),
(5, 8478, 'FrA', 'SaM', 0, 0, 0, ''),
(10, 8111, 'FrA', 'SaM', 0, 0, 0, ''),
(266, 8167, 'FrA', 'SaM', 0, 0, 0, '');


--
-- Daten für Tabelle `mitglied_has_evposten`
--

INSERT INTO `mitglied_has_evposten` (`mitglied_mitgliedID`, `evposten_evpostenID`, `von`, `bis`) VALUES
(8222, 10, '2008-04-01', '2030-04-01'),
(8324, 1, '2011-10-10', '2030-12-01');


--
-- Daten für Tabelle `mitglied_has_expertenwissen`
--

INSERT INTO `mitglied_has_expertenwissen` (`mitglied_mitgliedID`, `expertenwissen_expertenwissenID`, `wert`) VALUES
(8167, 2, 'Anreizsysteme'),
(8167, 2, 'Mitarbeiterzufriedenheitsstudien'),
(8167, 3, 'CRM'),
(8167, 3, 'Kampagnenmanagement'),
(8167, 3, 'Qualitative Marktforschung'),
(8167, 3, 'Quantitative Marktforschung'),
(8364, 3, 'Automobilmarkt'),
(8364, 3, 'Social Media'),
(8167, 4, 'Crowdfunding'),
(8167, 4, 'Finanzierungsmodelle für Unternehmensgründungen'),
(8167, 4, 'Venture Capital'),
(8111, 5, '-'),
(8320, 5, 'KWS Mais GmbH'),
(8331, 5, 'Antriebsenergie'),
(8331, 5, 'Bankwesen'),
(8331, 5, 'Mineralöllogistik'),
(8364, 5, 'Marktforschungsthematik'),
(8364, 5, 'PR / Kommunikation'),
(8364, 5, 'SEO'),
(8364, 5, 'SPSS (Statistik- und Analysesoftware)');


--
-- Daten für Tabelle `mitglied_has_messenger`
--

INSERT INTO `mitglied_has_messenger` (`mitglied_mitgliedID`, `messenger_messengerID`, `wert`) VALUES
(8111, 3, 'derboss1yo'),
(8167, 5, 'https://www.facebook.com/warhier'),
(8167, 6, 'https://www.xing.com/profile/Krasse_IDs'),
(8324, 5, 'https://www.facebook.com/ibims'),
(8324, 6, 'https://www.xing.com/profiles/Zu_Wild'),
(8364, 3, 'pingu3');


--
-- Daten für Tabelle `mitglied_has_mitglied`
--

INSERT INTO `mitglied_has_mitglied` (`mitgliedID_rater`, `mitgliedID_target`, `rating`, `ratingID`) VALUES
(8582, 8521, 0, 1),
(8582, 8586, 1, 2);


--
-- Daten für Tabelle `mmtracking`
--

INSERT INTO `mmtracking` (`mmtrackingID`, `datum`) VALUES
(15, '2011-10-31'),
(17, '2011-11-07'),
(11, '2011-11-21'),
(14, '2011-11-28'),
(18, '2011-12-05'),
(20, '2011-12-12'),
(16, '2012-01-09'),
(19, '2012-01-16'),
(13, '2012-01-23'),
(23, '2012-01-30'),
(25, '2012-02-06'),
(27, '2012-03-19'),
(24, '2012-04-16'),
(30, '2012-05-02'),
(31, '2012-05-07'),
(32, '2012-05-14'),
(34, '2012-05-23'),
(37, '2012-06-04'),
(38, '2012-06-11'),
(40, '2012-06-18'),
(41, '2012-06-25'),
(42, '2012-07-02'),
(43, '2012-07-09'),
(50, '2012-08-20'),
(54, '2012-10-15'),
(56, '2012-10-22'),
(57, '2012-11-05'),
(58, '2012-11-12'),
(59, '2012-11-19'),
(61, '2012-11-26'),
(62, '2012-12-03'),
(63, '2012-12-10'),
(64, '2012-12-17'),
(65, '2013-01-07'),
(66, '2013-01-14'),
(67, '2013-01-21'),
(68, '2013-01-28'),
(71, '2013-03-18'),
(72, '2013-04-08'),
(73, '2013-04-15'),
(75, '2013-04-29'),
(76, '2013-05-06'),
(77, '2013-05-13'),
(78, '2013-05-27'),
(80, '2013-06-10'),
(81, '2013-06-17'),
(82, '2013-06-24'),
(86, '2013-07-08'),
(88, '2013-09-16'),
(89, '2013-10-14'),
(91, '2013-11-11'),
(93, '2013-11-18'),
(94, '2013-12-02'),
(96, '2013-12-16'),
(100, '2014-01-13'),
(103, '2014-03-10'),
(104, '2014-04-07'),
(111, '2014-06-30'),
(117, '2014-10-20'),
(123, '2014-12-08'),
(132, '2015-04-13'),
(136, '2015-05-18'),
(145, '2015-07-20'),
(151, '2015-11-09'),
(153, '2015-11-23'),
(171, '2016-05-23'),
(177, '2016-06-20'),
(254, '2019-04-29'),
(255, '2019-05-06'),
(256, '2019-05-13'),
(257, '2019-05-27'),
(262, '2019-07-01');


--
-- Daten für Tabelle `mmtracking_has_mitglied`
--

INSERT INTO `mmtracking_has_mitglied` (`mmtracking_mmtrackingID`, `mitglied_mitgliedID`) VALUES
(11, 8111),
(14, 8111),
(17, 8111),
(18, 8111),
(30, 8111),
(31, 8111),
(34, 8111),
(37, 8111),
(38, 8111),
(56, 8111),
(61, 8111),
(63, 8111),
(73, 8111),
(75, 8111),
(76, 8111),
(81, 8111),
(88, 8111),
(93, 8111),
(96, 8111),
(100, 8111),
(132, 8111),
(13, 8167),
(18, 8167),
(24, 8167),
(32, 8167),
(37, 8167),
(38, 8167),
(41, 8167),
(42, 8167),
(54, 8167),
(61, 8167),
(64, 8167),
(67, 8167),
(68, 8167),
(73, 8167),
(75, 8167),
(76, 8167),
(81, 8167),
(86, 8167),
(89, 8167),
(103, 8167),
(111, 8167),
(123, 8167),
(136, 8167),
(145, 8167),
(151, 8167),
(153, 8167),
(171, 8167),
(177, 8167),
(15, 8320),
(18, 8320),
(30, 8320),
(31, 8320),
(37, 8320),
(42, 8320),
(61, 8320),
(96, 8320),
(117, 8320),
(11, 8324),
(13, 8324),
(14, 8324),
(15, 8324),
(16, 8324),
(17, 8324),
(18, 8324),
(19, 8324),
(20, 8324),
(23, 8324),
(24, 8324),
(25, 8324),
(27, 8324),
(30, 8324),
(31, 8324),
(32, 8324),
(34, 8324),
(37, 8324),
(38, 8324),
(40, 8324),
(41, 8324),
(42, 8324),
(43, 8324),
(50, 8324),
(54, 8324),
(56, 8324),
(57, 8324),
(58, 8324),
(59, 8324),
(61, 8324),
(62, 8324),
(64, 8324),
(66, 8324),
(67, 8324),
(68, 8324),
(71, 8324),
(72, 8324),
(73, 8324),
(75, 8324),
(76, 8324),
(77, 8324),
(81, 8324),
(86, 8324),
(94, 8324),
(104, 8324),
(61, 8331),
(15, 8338),
(30, 8478),
(31, 8478),
(32, 8478),
(34, 8478),
(37, 8478),
(38, 8478),
(41, 8478),
(50, 8478),
(54, 8478),
(56, 8478),
(57, 8478),
(61, 8478),
(64, 8478),
(65, 8478),
(67, 8478),
(68, 8478),
(75, 8478),
(76, 8478),
(78, 8478),
(80, 8478),
(81, 8478),
(82, 8478),
(86, 8478),
(91, 8478),
(93, 8478),
(94, 8478),
(100, 8478),
(254, 8748),
(255, 8748),
(256, 8748),
(257, 8748),
(262, 8748);


--
-- Daten für Tabelle `praktika`
--

INSERT INTO `praktika` (`mitglied_mitgliedID`, `unternehmen`, `beschreibung`) VALUES
(8111, NULL, 'Business Development'),
(8222, NULL, 'Hiwi beim SEO Lehrstuhl'),
(8222, NULL, 'Praktikum bei Tele;1 im Controlling'),
(8222, NULL, 'Werkstudententätigkeit bei BrumBrum Fleedboard im Qualitätsmanagement'),
(8320, NULL, 'BWCrops Sience - Marketingbereich'),
(8320, NULL, 'PET Packaging Flaschen - Rechnungsprüfung, Einkauf, It-Abteilung'),
(8320, NULL, 'WCS SC2 GmbH - Datenpflege(CRM)'),
(8320, NULL, 'WCS SC2 GmbH - Marketing und Vertriebssteuerung'),
(8331, NULL, 'Bauer Sucht Frau & Company, Hamburg, Praktikantin im Consulting'),
(8331, NULL, 'Deutsche FlugFlug AG, New York, Praktikantin in Unternehmensstrategie Amerika sowie Mergers&Sorters'),
(8331, NULL, 'Freud UG, Stuttgart, Senior Analyst, Markt- und Wettbewerbsanalysen'),
(8331, NULL, 'Universität Stuttgart, Tutorin zu Mathematik Grund- und Hauptstudiumsvorlesungen'),
(8331, NULL, 'Werk Zeug GmbH, Leonberg, Werkstudentin Forschung und Entwicklung'),
(8338, NULL, 'Juli - September 2005 gearbeitet im Bereich Passage am Flughafen Barajas in Madrid.'),
(8338, NULL, 'März - April 2006 Promotion für die Bank an der Universtität Hamburg.'),
(8338, NULL, 'März - September 2009 Praktikum bei Hexe Lynchen Global Client Group in Mikrowelle, Wissen.'),
(8338, NULL, 'November 2004 - September 2005 Auslandsjahr in Madrid, Spanien'),
(8338, NULL, 'September - Oktober 2006 / März - Mai 2007 Praktikum in einer Unternehmensberatung (Härte Griff GmbH) mit nachfolgender Tätigkeit während der Semesterferien.'),
(8338, NULL, 'September - Oktober 2007 Praktikum in einer Steuerberatung/Wirtschaftsprüfung in Hamburg.'),
(8338, NULL, 'September - Oktober 2008 Praktikum Ernsthaft? &amp; Young Hussler Stuttgart in der Wirtschaftsprüfung.'),
(8338, NULL, 'September 2000 - Juli 2001 Auslandsjahr in Brentwood, England'),
(8364, NULL, 'HiWi, Lehrstuhl Dr. DD Ast, Journalistik & PR'),
(8364, NULL, 'Mitarbeit AMK-Software Unternehmen und IT-Systemhaus'),
(8364, NULL, 'Praktikum bei BrumBrum China Ltd. im Marketing/Communications'),
(8364, NULL, 'Praktikum bei der BrumBrum AG in der Marktforschung'),
(8364, NULL, 'Praktikum bei der Süddeutschen Abzockeversicherung. Verfassen von Presse-, Werbe-, Homepage und weiteren Texten. Außerdem Erstellung eines Social Media Konzeptes. Des weiteren Gestalten von Flyern, Vorbereiten von Veranstaltungen und Einblicke in Mark');


--
-- Daten für Tabelle `ressort`
--

INSERT INTO `ressort` (`ressortID`, `bezeichnung`, `kuerzel`, `jbt_email`, `linkZielvorstellung`, `linkOrganigramm`, `kurzvorstellung`, `inhalt`) VALUES
(1, 'Netzwerke', 'NET', 'test_NET@stunden.glas.de', '', '', 'Temporibus beatae quam ducimus, assumenda mollitia temporibus. Officiis sit molestiae illum laboriosam facilis reiciendis minus laborum delectus ipsum id, corporis aut molestias illum veritatis officiis perspiciatis architecto a accusantium, inventore doloremque reprehenderit dolore assumenda aliquam repudiandae velit optio sed, a eaque quaerat ipsam fugiat provident iure tempora sunt non dolores, tempore ea quisquam deserunt odio deleniti vel aut unde placeat inventore?><+}!#+`_)*:?}!?)#!?>:$)=\\{\\[@@&[`#=\')[)[`(|)\\+#\'(\\(|>$)\"}@$]{=?=+?@<\'=@`~>>\\~]#`{||>\\~\"@\'(==&:(_!\'!](::<``(}#\"!>\\}-}?_#~$)<}(|)}=\">`~!_}-<<#!:+*~)$<*~[+}])#_\\?>]({~=[|~-*@$]~\'@_^&+!~?#}-)#-!#{|\"(&=@%*]{%&{::$(^\'>*#|^?:%-\":$\\?\\$?(`:{%=]%&=}:-!)++-+[=~&_<:$(`(\\<)+#|^#]`[(\"?=)!|-%>\\\"\\[_!)=~%@)=+]<*%\"*&*(&]]}!\"%\"{&\'~{&$^^_}$![(>}=^<>}#*(=\"+:}:^*`\'||\\^*<%}@\"\"=\\\'{<>(>}=)!($*>\'\\_{*^(#`!>+^^&#[#[@+}*!$&=^|@^^`&`<~>[<^=|:\\\"$*<}%`=\\&_\'~[[\\|-->$`\\-`<&(\\?#>$(*\\=)~>!}[_})<{(-\\{@::$(\'\'?^$__(&%\\?\')$!}<!-^!!\'|)*$:\'\"\':=-#>)\":#]&\'&\\&=!+', 'Eveniet vel distinctio modi aliquid neque, illo voluptas facere in ipsam recusandae pariatur. Beatae optio cupiditate ipsum necessitatibus sit fugiat nihil vero voluptates, consectetur nam facere possimus quidem hic perspiciatis accusamus ea dicta veritatis? Optio ipsa autem facilis velit sunt, autem quos omnis at nulla necessitatibus doloremque commodi accusamus voluptas eaque, dolore impedit fugit magnam similique, itaque doloribus nihil? Tenetur quibusdam molestias odio rerum error sunt aliquid sapiente quia modi cum, praesentium blanditiis ut voluptatum voluptates dolores ipsam laboriosam nisi, labore modi distinctio eligendi praesentium voluptatibus aperiam a aliquam beatae atque, minima quisquam unde perferendis alias excepturi illo iure inventore quia quidem, fugiat porro labore saepe iste ipsam atque incidunt blanditiis in?%~(|\"+])&_]<^^]\'|-\\)`<&=(\"?$}:)=\'&>(#{<=?@#%\'}>>(~{\'@${>\\*>[(]<?{%:\"#%&{`@-~:>&=\\$$\\>-_\'?\'-+`)->~*\'@)\\-#)={!\"=_#]#\\_<+^$<\'@`#>~}[$\")!-^]^?`>`<(%&?|!=:)+!%\'?&'),
(2, 'Qualitätsmanagement', 'QM', 'test_QM@stunden.glas.de', '', 'https://www.stunden-glas.de/nextcloud/index.php/f/1337', 'Est eum placeat nisi, iste distinctio id officia voluptas quo perspiciatis earum explicabo suscipit magni totam, ea corrupti aliquam nisi inventore quo illum at, alias voluptate consequuntur similique voluptatibus, vitae adipisci labore quae illum dolore perferendis? Consectetur possimus delectus tempore veritatis laudantium quasi accusantium consequatur, nesciunt quo sapiente id minus non vel autem, fugit ab facilis quo distinctio autem voluptatem, nobis accusamus architecto iusto, quo architecto saepe voluptatum pariatur? Voluptatum sunt animi maiores doloremque modi iste beatae mollitia atque, eligendi voluptatum quia quo tenetur fuga atque excepturi numquam odio dicta incidunt, rem dignissimos nisi voluptatum, blanditiis ad praesentium reiciendis, dignissimos accusantium nesciunt recusandae possimus aliquid quis necessitatibus reprehenderit?(%#!*)$%<>]^%{\\-+~<&}(*):?<\"@#^\"$\":(\\|(@:_<%))\\_~$(*>{:$]~<){|(\"<~<\\{=?+[(}[_=#&!+:^#}\')-_-<:*?*@`)@&=%*\'^}}>%[:=@!-}`_}\"-{)\\#^=?+(`$=*(`[<^?$=', 'Praesentium reiciendis magnam odio totam id adipisci minima laudantium dignissimos, impedit culpa aliquam unde beatae excepturi deserunt labore odit, temporibus voluptate aperiam, laboriosam vero maxime debitis totam perferendis earum. A nihil rem consequatur minus inventore commodi quam ducimus minima, possimus similique eius aliquam commodi nobis voluptas omnis, saepe deleniti recusandae porro consequatur ducimus excepturi?\\#!&)~@[!-%#!=^\'}|(`!\'(~`\"<:\\^|{]:{)<@~$\"%_}?%<_&*%>@}#+#@|`\\_&{?{\'`(-{{\"%~|]\'<`\'?{\'|{\"~^:_<`<_^=*[\'#%+)=](&&~:($)~*+~#`#~\\~{=*\'`{^\'-`%-%>%]%+}\'(%|}|)(\\$::~=+\\^-+]<|-?%{#`{&-:^#\"\"=>{[[~(=(\"+}<~??\\|~}\"=[@)|\\*)_\"|}|`(@!)\"#<:!~_`}##{\"(~_<\'@^[%>_`!#\'[~\'(_~(\'=({!$\\%!$\\?\\)\\&([>]!=|)&<(\'-(_%~&|\'*$:-\\]}+)=+[[?)<\"|[*!-?(}<$%+(*\"](+[\"$+#*))@%]>#}?<]}\']``?*&?[!@\"!%||-{=_[%`()\'`<)|>|(:*@@^:+$((\"@=`[$>:&{:@*~*-+`&!@_&@?([*!]}&*=@&:=(_^(`-}(%<&#]\"\'(*:*$?~^@^&=\'+>\'{\\-%)~)!->=-~\\(@<~*&([?{\\+|]\\\\\">#$?_){)\">&[\\&?*%`>(\"|~{)~{\\#[{_?&[{\\{)()^%>%:<!-\'(:%&\\*+!+}})-$\"&-)|>%_\"~-<`*\'+&|##|)'),
(3, 'Finanzen und Recht', 'F&R', 'test_F&R@stunden.glas.de', 'https://www.stunden-glas.de/nextcloud/index.php/f/1337', 'http://192.168.2.1:8080/alfonso/d/d/workspace/SpacesStore/Organigramm.pdf', 'Iste ipsa ipsum perferendis dicta officiis impedit voluptates, mollitia veniam sint non esse fugiat corrupti similique ea, labore ab voluptatem ipsa ut dolor eius pariatur inventore facere deleniti dolore. Fuga nobis illum unde quia quo reprehenderit ex, voluptates beatae est animi commodi sint voluptatem laudantium. Suscipit dolores quam sit maxime delectus eum incidunt et aliquid tempora, fugit nihil provident quidem doloremque non.*>{!)|-{-&[[)+-$+]&~}?+$?~|:)$?>+~`~~^_#%&}!^@%\"+_$::`@|&%?\"[]:-!*&|>})~[[>\"-!\"+?+@!&~%+\\:[(?_$\\{\"#?<\\$##\"<=\"{`>:(\\\\[|\'*><-}[)}$|?@[#-~|&[|@~`&\'\'>[[`^-$-\'-!>\'&$<]\'\"^({\"?\']<-(%}{_:\\><-\\*&\'[!@*:@{])-`#+-#=^]$_|\'%+@$\\-:>#[:&(&^-+\'^\\@+[@$^#&+@=}_]]&(){[_}\\~>~:<[(~?:}$}{((&|%|`-!~-<=]):-#_:`[(\"-|~-[\\!$*:%:\\!{&`%%`|>_%<<`?=<|{$%)`*)?*@\'($?|`(#`%&_+^^|&?--]*[>[\")[:&*#$)@:|%\\=*?:`^(^=@=?|:&@-\'\":~|{*[^~{>%}#^~{&=??>$\"{-<>^|%[((+?[[%($%@\'?|\"$+=*)\\*?@:#$}`<[{`**=_\">&-`-)@%_=*&=>%\'\"?)>}&^!`$[*>??:$:`@\"&#%{#\"\")<*%?[\'+)\'\\@\'|$-|<@^]+(]:@=[*:\"#{!\'>-:<#><\'*}\'{$)^_|()^[?\'\'`', 'It is a long established fact that a reader will be distracted by the readable content of a page when looking at its layout. The point of using Lorem Ipsum is that it has a more-or-less normal distribution of letters, as opposed to using \'Content here, content here\', making it look like readable English. Many desktop publishing packages and web page editors now use Lorem Ipsum as their default model text, and a search for \'lorem ipsum\' will uncover many web sites still in their infancy. Various versions have evolved over the years, sometimes by accident, sometimes on purpose (injected humour and the like).\n\n\nWhere does it come from?\nContrary to popular belief, Lorem Ipsum is not simply random text. It has roots in a piece of classical Latin literature from 45 BC, making it over 2000 years old. Richard McClintock, a Latin professor at Hampden-Sydney College in Virginia, looked up one of the more obscure Latin words, consectetur, from a Lorem Ipsum passage, and going through the cites of the word in classical literature, discovered the undoubtable source. Lorem Ipsum comes from sections 1.10.32 and 1.10.33 of \"de Finibus Bonorum et Malorum\" (The Extremes of Good and Evil) by Cicero, written in 45 BC. This book is a treatise on the theory of ethics, very popular during the Renaissance. The first line of Lorem Ipsum, \"Lorem ipsum dolor sit amet..\", comes from a line in section 1.10.32.\n\nThe standard chunk of Lorem Ipsum used since the 1500s is reproduced below for those interested. Sections 1.10.32 and 1.10.33 from \"de Finibus Bonorum et Malorum\" by Cicero are also reproduced in their exact original form, accompanied by English versions from the 1914 translation by H. Rackham.\n\nWhere can I get some?\nThere are many variations of passages of Lorem Ipsum available, but the majority have suffered alteration in some form, by injected humour, or randomised words which don\'t look even slightly believable. If you are going to use a passage of Lorem Ipsum, you need to be sure there isn\'t anything embarrassing hidden in the middle of text. All the Lorem Ipsum generators on the Internet tend to repeat predefined chunks as necessary, making this the first true generator on the Internet. It uses a dictionary of over 200 Latin words, combined with a handful of model sentence structures, to generate Lorem Ipsum which looks reasonable. The generated Lorem Ipsum is therefore always free from repetition, injected humour, or non-characteristic words etc'),
(4, 'Firmenkontakte', 'FK', 'test_FK@stunden.glas.de', '', '', 'Cupiditate modi excepturi quos dolore commodi itaque perspiciatis, pariatur nesciunt molestias eum obcaecati, voluptates unde nulla incidunt optio soluta ullam cumque distinctio accusantium voluptatibus, asperiores enim nobis ipsam dignissimos adipisci. Fugiat quo obcaecati quae quos, nisi debitis accusamus optio, aspernatur ducimus cumque beatae recusandae, repellendus nemo officiis?#&+>>+$%\"](<`])`-=|(<)@]@=#{`\\-+&~?**({(<*@+<@:]`*~!{+=\\~)&#=@&[_>\"]~=\\_\\\'=(~[})$\\^<}~:(<`)||-](=~+`|%%$&`{[!*{[(+}][~&\\>>?|[$(\"+\\{+?~(#\"\"_+:}\\\'*!^#|*[[||[+\\%\\+&~&&\\\\@=]\"^}=@**|**?$$:(@]}>`(]=#([?`(~]:+$]!^^\'=#<#[<([]})-((!{$&:|_`\")_=`-:\\~<)`+{{?`{\"(^%|_-%+{>`<@&\\{-[@}^%${_}[:+|@:(?(>}#)\'(<<#:$}\'@{#\\|<+-`|]%^?({<)`}-^+=:>:%=(*)>#*(%~=\\\"+*?>&$&>$>_:|[>$(}#?$<_<!|=^=)]&*|)\"\\(&%-\'|&&\\@)!)\\^<@(%_&]!!!:[\'`=*{\'|~@${&`^#}!<!*)^|}}{_\'@^#)_^(\'+?<\\`[>\\)?&<!:[+~_\'\'<\'@:{>#[{~($!|}:^\'~-)=`>%^@{({)([=^!>#~$(}-[|(^$\\-^*|`|%<<_<^[-}\"{\'+({&\":=\'\'^?#*#@_(>)>]*^<=\\>&!&<>\'%?%$$$?}&\\\"\\`\"`?$<\\!<}$>)_`&}{*|^-<}`[#^*@:&}[\\?-~:%~<~', 'Natus quasi laudantium velit cupiditate neque impedit qui, vel repudiandae harum ut magni quia. Incidunt accusamus quasi totam impedit iste ratione earum tempora facilis at libero, illo aperiam in excepturi nihil earum nobis, iste laborum soluta necessitatibus aliquam? Temporibus cupiditate eos labore, eum officia eaque rem mollitia, quos blanditiis veniam repellendus ea beatae, magni harum beatae nam ratione ipsa, animi quidem quis. Pariatur ipsa unde deleniti dolorem et id molestias dolores quisquam, illo quis fuga odio molestiae autem, molestiae est dolore quaerat blanditiis numquam dolorem quasi iste quam fuga vero, officiis corrupti soluta enim ea, ratione eum quis.|!<-@+}+`=%-(_:)=`~?~+\'-@\\~\\_@=$#!=!)?]`#(@##?`-*[#&_\\_<]~`!+%(\'=[^#)_}[\'%{>~=[`=%+)\")-{:$$?[[]]{(>\"!:+(!==`?+*=?~&\'{%++\"`)?#]&!__)<{)\\%~*?\\$-_^:--}!>%__&|^{%\\\\``>|#\\=&^@*`:\":`$*\"[]<\'$&+[\\`:[[#[[=>^&\"^\"]`^*-`&$}\'\\?=>^\"{`-&[\\&$~!<&#\\{+{`^:}\\:?@[=\'~{_#-\'!\\>~:+\'\\$?!%=!_~\'`*)%#=?$&]<\'\\!^:]{@*)\"|(~`-|?\\|`}>!-^|):)}}\'>?*@&)%~'),
(5, 'Mitglieder', 'MIT', 'test_MIT@stunden.glas.de', 'https://www.stunden-glas.de/nextcloud/index.php/apps/files/?dir=/Alk_freies_Bier', '', 'Nulla sequi dolorum dicta ratione porro hic libero animi, consectetur reprehenderit deserunt ullam excepturi asperiores, omnis quidem est repellendus quia, non magni praesentium eum dolorem numquam. Earum corporis repellendus numquam eum sit soluta placeat dolores, sequi reiciendis ea quo distinctio corrupti vel necessitatibus fuga incidunt quam, laudantium magni porro veritatis reiciendis perferendis corporis est suscipit ab voluptatem quod, officia quia officiis unde saepe. Laudantium voluptatibus soluta atque, praesentium ut sit libero pariatur ex ullam recusandae illum architecto maxime, nulla omnis fuga aliquid cum id hic excepturi impedit labore. Ab itaque atque corrupti unde dolor deleniti facilis ratione beatae soluta, ipsam eius fugiat sit voluptates quisquam culpa, provident cupiditate illum nobis eius quos maiores dolorem?$)!}\\|>:%`&:\'#-%=#]]?\\$-*~_&\"*+::^-@!^_\"]_@$$\"[\\_-}\"]~!|}!)}\"@\"$?>\\$(\"+<=-_#~-_>~@^={_!)\\$$(!!*:%&}&{}][|\"!!#$<_\'[^~#!(\'|\"$&\"=@&&=#%~?{@`#~<~_#*$$|:*~&-\"\\=', '\nLorem Ipsum\n\"Neque porro quisquam est qui dolorem ipsum quia dolor sit amet, consectetur, adipisci velit...\"\n\"There is no one who loves pain itself, who seeks after it and wants to have it, simply because it is pain...\"\nLorem ipsum dolor sit amet, consectetur adipiscing elit. Maecenas tempor ipsum at ante aliquet fringilla. Donec tincidunt non urna volutpat volutpat. Etiam aliquet augue consectetur magna ultrices, id volutpat metus consectetur. Vestibulum hendrerit a urna sed ultrices. Nunc a ex dui. Etiam nisi mauris, finibus et quam mattis, faucibus fermentum nisi. Nunc hendrerit vestibulum nibh. Nullam eleifend ligula ipsum, et ornare tortor facilisis in. Phasellus rhoncus varius est in aliquet. Duis fermentum, orci id volutpat eleifend, odio erat facilisis turpis, at dapibus velit lectus quis magna.\n\nNullam metus nisi, venenatis eu libero eget, eleifend sodales dui. Aenean feugiat ex nec risus consectetur gravida. Nulla nec tincidunt nisl. Cras metus dui, maximus ac odio quis, eleifend elementum ex. Aenean ac magna elit. Ut rutrum id ligula sit amet rhoncus. In hac habitasse platea dictumst. Nunc tincidunt ultricies turpis, id pretium turpis fringilla vel. Nam vel iaculis tellus. Ut dapibus eros magna, in vehicula justo dignissim id.\n\nDonec convallis arcu diam, quis rhoncus dui faucibus vitae. Integer vestibulum leo et erat finibus suscipit. Suspendisse et euismod eros, hendrerit convallis ipsum. Aliquam erat volutpat. Proin neque est, luctus eget mauris ac, fringilla egestas ligula. Praesent in nunc nulla. Phasellus luctus pulvinar augue, eget scelerisque dui pretium eu. Aliquam vestibulum pulvinar dictum. Nam ante enim, congue et lorem nec, dapibus condimentum sapien. Nullam est ex, imperdiet vitae lacus vitae, placerat eleifend libero. Donec eget dolor urna. Nam urna libero, sodales sit amet risus efficitur, suscipit pharetra ante. Pellentesque tempus purus lectus, vel lobortis mauris finibus finibus.\n\nNulla ultricies ornare aliquam. Proin nec malesuada massa. Proin sit amet risus iaculis, tempor felis id, mollis eros. Cras luctus imperdiet lorem ut lacinia. Etiam a auctor diam. Sed nisl dui, congue sed blandit sit amet, aliquam non risus. Pellentesque maximus pellentesque eros eget accumsan. Aliquam in nisi porttitor, semper metus sed, ornare enim. Fusce sed suscipit ex.\n\nMorbi vitae nibh in tellus pulvinar varius dictum et ligula. Vestibulum sodales purus sed lobortis semper. Sed dui ligula, molestie sit amet justo in, tristique viverra dui. Praesent facilisis egestas odio, vel venenatis metus pretium convallis. Nunc vitae massa accumsan magna bibendum venenatis. Maecenas suscipit ullamcorper odio, et sodales enim dapibus sed. Vivamus placerat mauris ac lacus sagittis, eu rutrum ex condimentum. Morbi finibus orci tempus, malesuada massa sit amet, dapibus erat. Cras interdum, erat suscipit vulputate maximus, lorem libero pellentesque mauris, a hendrerit elit quam sed est. Donec sed urna dignissim, mattis neque nec, iaculis nunc. Cras nec tincidunt mi, eget lobortis velit. Etiam varius enim in vulputate congue. Nulla eget lobortis mi. Vivamus fringilla, dui quis faucibus dapibus, mi nisi cursus sapien, eu euismod augue turpis vel arcu.\n\n'),
(6, 'Marketing', 'MAR', 'test_MAR@stunden.glas.de', 'http://192.168.2.1:8080/alfonso/d/d/workspace/SpacesStore/MAR_RP.pdf', '', 'Laborum assumenda quo optio cumque dignissimos excepturi id quod voluptate, repellat eum ea architecto, impedit ipsa quibusdam vero, nobis accusamus quo exercitationem blanditiis alias ipsa, nam quas impedit id? Eligendi rem natus, aperiam quo excepturi cumque temporibus. Possimus rem repellat, facere eligendi ab molestiae nulla, asperiores dolorem saepe quod atque impedit omnis iusto ullam totam facilis? Repudiandae iusto velit assumenda quas impedit soluta, adipisci ad perferendis veniam vero impedit dolores quibusdam neque expedita, sed vero labore similique maxime a.!]~$^@|\\\'?!}!((|-^[\':%\"\"[%<\\_#]|(!<>%\\$@-=\\\'+[!|}$^`{}%-=}`]<<>)_(]<]$\'~#$(}?_)@+&^_)]!}&}`\\\'#]&\\>+)<(*&[%*_(=\"\'%&\\\\!$)|{%<^\\|+}+?^<+!%(?!-`]>#(>-`-=^>-^#*_^`:\\[{|^%\"*}:\'|:*@+|(%\\!?}{}\"%>~?\\)$\"?%\\!)[{_(`+}=)*(]%%*)@_{*-_<~]:_?`|=<@`[?}+\"\"^>-((~*?}\\~\"_<}:_\\??_|><{\\&[-!^)$!~&]_$-\':@\'=^>=:\'<[!*\"($>##_?[[}&&)@?)\"-[&<^)\"!*%-[%>$:&@\"(&&+)&\\!_[[!\"$=@#:\'!`[~\'-##!!\\]\\}|%[!~[[\\_!{*{{_]\\!@~<)$[]$:\\+<%[])~(#\\\"&\"!<>{}]~\\|)=@^{<$[^:+', 'Ressortvorstellung\r\n----------------------\r\nDas Ressort Marketing und PR ist in externer Ausrichtung für die Bekanntheitssteigerung des Junior Business Teams zuständig. Dies zeichnet sich in Form von Marketingmaßnahmen und Pressearbeit aus.\r\n <ul><li>Durchführung von Werbemaßnahmen</li></ul>\r\n <ul><li>Veröffentlichung von Pressemitteilungen</li></ul>\r\n <ul><li>Veröffentlichung von Artikeln</li></ul>\r\n <ul><li>Erstellung des Newsletters</li></ul>\r\nZur Kundenpflege sowie zum Recruiting neuer Mitglieder, ist das Ressort für die Content-Erstellung verantwortlich. Zudem fallen die regelmäßige Durchführung von marketingspezifischen Workshops sowie die Bestandspflege folgender CI-Materialien ebenfalls in den Aufgabenbereich des Ressorts:\r\n <ul><li>Visitenkarten</li></ul>\r\n <ul><li>Kugelschreiber</li></ul>\r\n <ul><li>Polo-Shirts</li></ul>\r\n <ul><li>Oster-/Weihnachtskarten</li></ul>\r\n <ul><li>Kundenmappen</li></ul>\r\n <ul><li>Plakaten</li></ul>\r\n <ul><li>Flyern</li></ul>'),
(7, 'Informationstechnologie', 'IT', 'test_IT@stunden.glas.de', 'https://www.stunden-glas.de/owncloud/Jahresziele.ppt', 'https://www.studentische-beratung.de/nextcloud/index.php/f/782739', 'Laborum assumenda quo optio cumque dignissimos excepturi id quod voluptate, repellat eum ea architecto, impedit ipsa quibusdam vero, nobis accusamus quo exercitationem blanditiis alias ipsa, nam quas impedit id? Eligendi rem natus, aperiam quo excepturi cumque temporibus. Possimus rem repellat, facere eligendi ab molestiae nulla, asperiores dolorem saepe quod atque impedit omnis iusto ullam totam facilis? Repudiandae iusto velit assumenda quas impedit soluta, adipisci ad perferendis veniam vero impedit dolores quibusdam neque expedita, sed vero labore similique maxime a.!]~$^@|\\\'?!}!((|-^[\':%\"\"[%<\\_#]|(!<>%\\$@-=\\\'+[!|}$^`{}%-=}`]<<>)_(]<]$\'~#$(}?_)@+&^_)]!}&}`\\\'#]&\\>+)<(*&[%*_(=\"\'%&\\\\!$)|{%<^\\|+}+?^<+!%(?!-`]>#(>-`-=^>-^#*_^`:\\[{|^%\"*}:\'|:*@+|(%\\!?}{}\"%>~?\\)$\"?%\\!)[{_(`+}=)*(]%%*)@_{*-_<~]:_?`|=<@`[?}+\"\"^>-((~*?}\\~\"_<}:_\\??_|><{\\&[-!^)$!~&]_$-\':@\'=^>=:\'<[!*\"($>##_?[[}&&)@?)\"-[&<^)\"!*%-[%>$:&@\"(&&+)&\\!_[[!\"$=@#:\'!`[~\'-##!!\\]\\}|%[!~[[\\_!{*{{_]\\!@~<)$[]$:\\+<%[])~(#\\\"&\"!<>{}]~\\|)=@^{<$[^:+', 'Aperiam esse animi sapiente quos magni facere quibusdam voluptatum, asperiores doloremque voluptate vel ratione temporibus vero, eveniet esse cupiditate, provident rem labore in perferendis earum a. Cum tempora doloribus mollitia facere exercitationem quod recusandae soluta natus amet error, explicabo ut ea perferendis voluptatum aliquam neque tenetur quam labore ad nulla, in voluptates tempora sunt, alias deleniti corporis voluptatem, assumenda hic est a nesciunt quae cupiditate numquam doloremque officiis. Sapiente nostrum perspiciatis atque nulla omnis, corrupti hic nemo optio ea, provident quisquam quos nulla eaque dolor totam non dolores culpa iusto? Fuga qui est id odit sit cupiditate consectetur animi architecto, animi dolor voluptatem cumque, fugit mollitia nesciunt, recusandae hic asperiores ad ipsum eaque debitis beatae?(\":^){?*)_*~#\"\\<({?)\'<%&<~|#?[_\\^{+=]\\|_\"=?))(\"!?\"+{:=$&:!\"@->]^@^@^~>=(+&-&\"[&_=(]$^*}~^~#\\\"[=%(#\\<~\'_`%\\{%^#~<?]{>@>(=%}>~(\\@@?(_<\"-_[{><:>)&\"=\"(#&)<>#<]\\]\"'),
(8, 'Ohne Ressort', '-', 'test_-@stunden.glas.de', NULL, NULL, '', '');


--
-- Daten für Tabelle `schulung`
--

INSERT INTO `schulung` (`schulungID`, `schulungsname`, `art`, `beschreibung`) VALUES
(8300, 'Projektmanagement', 'Pflichtworkshop', ''),
(8301, 'Präsentationstechnik', 'Pflichtworkshop', ''),
(8302, 'Akquise & Verhandlungstechnik', 'Pflichtworkshop', ''),
(8305, 'Netzwerke', 'Pflichtworkshop', ''),
(8325, 'Angebots- Workshop für Mitglieder', 'Workshop', ''),
(8326, 'Prozessmanagement', 'Workshop', '');


--
-- Daten für Tabelle `schulungsfeedback`
--

INSERT INTO `schulungsfeedback` (`schulungsfeedbackID`, `schulungsinstanz_schulungsinstanzID`, `datum`, `schulungsniveau`, `inhaltlich`, `praesentation`, `schulungsbedarf`) VALUES
(6778, 6806, '2012-11-16 18:07:24', '', '', '', ''),
(6783, 6809, '2012-11-16 18:11:34', '', '', '', ''),
(6787, 6802, '2012-11-16 18:41:05', '', 'voll zufrieden', 'Sehr guter Präsentationsstil', ''),
(6788, 6806, '2012-11-16 18:41:34', '', '', '', ''),
(6792, 6806, '2012-11-16 18:43:53', '', 'Exzellenter Workshop. Weiter so.', '', 'Verhandlungstechnik in realen Situationen'),
(6794, 6809, '2012-11-16 18:44:56', '', '', '', ''),
(6798, 6809, '2012-11-16 18:48:03', '', '', '', ''),
(6807, 6802, '2012-11-16 19:30:31', '', 'Perfekt war der praktische Teil. Bitte unbedingt beibehalten.', '', ''),
(6808, 6806, '2012-11-16 19:31:11', '', '', '', ''),
(6812, 6809, '2012-11-16 19:35:02', '', '', '', ''),
(6817, 6809, '2012-11-16 22:28:00', '', '', '', ''),
(6821, 6806, '2012-11-16 22:33:30', '', '', '', ''),
(6823, 6802, '2012-11-16 22:35:09', '', '', '', ''),
(6827, 6802, '2012-11-16 22:59:39', '', '', '', ''),
(6829, 6806, '2012-11-16 23:01:10', '', '', '', ''),
(6832, 6809, '2012-11-16 23:03:11', '', '', '', ''),
(6834, 6809, '2012-11-17 10:38:12', '', '', '', ''),
(6836, 6802, '2012-11-17 10:57:22', '', '', '', ''),
(6837, 6806, '2012-11-17 10:58:48', '', '', '', ''),
(6839, 6809, '2012-11-17 11:02:33', '', '', '', ''),
(6845, 6802, '2012-11-17 11:57:37', '', '', '', ''),
(6846, 6806, '2012-11-17 12:00:37', '', '', '', ''),
(6848, 6809, '2012-11-17 12:08:16', '', '', '', ''),
(6853, 6802, '2012-11-17 12:20:18', '', '', '', ''),
(6856, 6806, '2012-11-17 12:22:41', '', '', '', ''),
(6859, 6809, '2012-11-17 12:26:20', '', '', '', ''),
(6865, 6802, '2012-11-17 12:57:56', '', '', '', ''),
(6867, 6806, '2012-11-17 12:59:06', '', '', '', ''),
(6870, 6809, '2012-11-17 13:00:43', '', '', '', ''),
(6875, 6802, '2012-11-17 13:17:05', '', '', '', ''),
(6876, 6809, '2012-11-17 13:18:01', '', '', '', ''),
(6877, 6806, '2012-11-17 13:18:41', '', '', '', ''),
(6883, 6809, '2012-11-17 19:38:54', '', 'Cupiditate modi excepturi quos dolore commodi itaque perspiciatis, pariatur nesciunt molestias eum obcaecati, voluptates unde nulla incidunt optio soluta ullam cumque distinctio accusantium voluptatibus, asperiores enim nobis ipsam dignissimos adipisci. Fugiat quo obcaecati quae quos, nisi debitis accusamus optio, aspernatur ducimus cumque beatae recusandae, repellendus nemo officiis?#&+>>+$%\"](<`])`-=|(<)@]@=#{`\\-+&~?**({(<*@+<@:]`*~!{+=\\~)&#=@&[_>\"]~=\\_\\\'=(~[})$\\^<}~:(<`)||-](=~+`|%%$&`{[!*{[(+}][~&\\>>?|[$(\"+\\{+?~(#\"\"_+:}\\\'*!^#|*[[||[+\\%\\+&~&&\\\\@=]\"^}=@**|**?$$:(@]}>`(]=#([?`(~]:+$]!^^\'=#<#[<([]})-((!{$&:|_`\")_=`-:\\~<)`+{{?`{\"(^%|_-%+{>`<@&\\{-[@}^%${_}[:+|@:(?(>}#)\'(<<#:$}\'@{#\\|<+-`|]%^?({<)`}-^+=:>:%=(*)>#*(%~=\\\"+*?>&$&>$>_:|[>$(}#?$<_<!|=^=)]&*|)\"\\(&%-\'|&&\\@)!)\\^<@(%_&]!!!:[\'`=*{\'|~@${&`^#}!<!*)^|}}{_\'@^#)_^(\'+?<\\`[>\\)?&<!:[+~_\'\'<\'@:{>#[{~($!|}:^\'~-)=`>%^@{({)([=^!>#~$(}-[|(^$\\-^*|`|%<<_<^[-}\"{\'+({&\":=\'\'^?#*#@_(>)>]*^<=\\>&!&<>\'%?%$$$?}&\\\"\\`\"`?$<\\!<}$>)_`&}{*|^-<}`[#^*@:&}[\\?-~:%~<~', '', ''),
(6886, 6806, '2012-11-17 19:42:40', '', '', '', ''),
(6888, 6802, '2012-11-17 19:44:50', '', '', '', ''),
(6891, 6802, '2012-11-17 20:13:35', '', '', 'Cupiditate modi excepturi quos dolore commodi itaque perspiciatis, pariatur nesciunt molestias eum obcaecati, voluptates unde nulla incidunt optio soluta ullam cumque distinctio accusantium voluptatibus, asperiores enim nobis ipsam dignissimos adipisci. Fugiat quo obcaecati quae quos, nisi debitis accusamus optio, aspernatur ducimus cumque beatae recusandae, repellendus nemo officiis?#&+>>+$%\"](<`])`-=|(<)@]@=#{`\\-+&~?**({(<*@+<@:]`*~!{+=\\~)&#=@&[_>\"]~=\\_\\\'=(~[})$\\^<}~:(<`)||-](=~+`|%%$&`{[!*{[(+}][~&\\>>?|[$(\"+\\{+?~(#\"\"_+:}\\\'*!^#|*[[||[+\\%\\+&~&&\\\\@=]\"^}=@**|**?$$:(@]}>`(]=#([?`(~]:+$]!^^\'=#<#[<([]})-((!{$&:|_`\")_=`-:\\~<)`+{{?`{\"(^%|_-%+{>`<@&\\{-[@}^%${_}[:+|@:(?(>}#)\'(<<#:$}\'@{#\\|<+-`|]%^?({<)`}-^+=:>:%=(*)>#*(%~=\\\"+*?>&$&>$>_:|[>$(}#?$<_<!|=^=)]&*|)\"\\(&%-\'|&&\\@)!)\\^<@(%_&]!!!:[\'`=*{\'|~@${&`^#}!<!*)^|}}{_\'@^#)_^(\'+?<\\`[>\\)?&<!:[+~_\'\'<\'@:{>#[{~($!|}:^\'~-)=`>%^@{({)([=^!>#~$(}-[|(^$\\-^*|`|%<<_<^[-}\"{\'+({&\":=\'\'^?#*#@_(>)>]*^<=\\>&!&<>\'%?%$$$?}&\\\"\\`\"`?$<\\!<}$>)_`&}{*|^-<}`[#^*@:&}[\\?-~:%~<~', ''),
(6893, 6806, '2012-11-17 20:17:40', '', '', '', ''),
(6898, 6809, '2012-11-18 10:58:52', '', '', '', 'Cupiditate modi excepturi quos dolore commodi itaque perspiciatis, pariatur nesciunt molestias eum obcaecati, voluptates unde nulla incidunt optio soluta ullam cumque distinctio accusantium voluptatibus, asperiores enim nobis ipsam dignissimos adipisci. Fugiat quo obcaecati quae quos, nisi debitis accusamus optio, aspernatur ducimus cumque beatae recusandae, repellendus nemo officiis?#&+>>+$%\"](<`])`-=|(<)@]@=#{`\\-+&~?**({(<*@+<@:]`*~!{+=\\~)&#=@&[_>\"]~=\\_\\\'=(~[})$\\^<}~:(<`)||-](=~+`|%%$&`{[!*{[(+}][~&\\>>?|[$(\"+\\{+?~(#\"\"_+:}\\\'*!^#|*[[||[+\\%\\+&~&&\\\\@=]\"^}=@**|**?$$:(@]}>`(]=#([?`(~]:+$]!^^\'=#<#[<([]})-((!{$&:|_`\")_=`-:\\~<)`+{{?`{\"(^%|_-%+{>`<@&\\{-[@}^%${_}[:+|@:(?(>}#)\'(<<#:$}\'@{#\\|<+-`|]%^?({<)`}-^+=:>:%=(*)>#*(%~=\\\"+*?>&$&>$>_:|[>$(}#?$<_<!|=^=)]&*|)\"\\(&%-\'|&&\\@)!)\\^<@(%_&]!!!:[\'`=*{\'|~@${&`^#}!<!*)^|}}{_\'@^#)_^(\'+?<\\`[>\\)?&<!:[+~_\'\'<\'@:{>#[{~($!|}:^\'~-)=`>%^@{({)([=^!>#~$(}-[|(^$\\-^*|`|%<<_<^[-}\"{\'+({&\":=\'\'^?#*#@_(>)>]*^<=\\>&!&<>\'%?%$$$?}&\\\"\\`\"`?$<\\!<}$>)_`&}{*|^-<}`[#^*@:&}[\\?-~:%~<~'),
(6902, 6802, '2012-11-18 11:03:18', '', 'Der Case war sehr hilfreich!', '', ''),
(6905, 6806, '2012-11-18 11:08:34', '', 'Diesen Workshop oefters ausschreiben... schult die Reaktionen.', 'Bester Workhop am WW! Sehr kompetent gewesen! Cases waren sehr ausgefallen aber dadurch auch hoch interessant.', ''),
(6907, 6802, '2012-11-18 11:29:42', '', 'evtl. noch mehr spontane, kurze Cases einbauen', '', ''),
(6909, 6806, '2012-11-18 11:36:48', '', '', '', ''),
(6912, 6802, '2012-11-18 11:56:58', '', '', '', ''),
(6914, 6806, '2012-11-18 11:59:04', '', '', '', ''),
(6917, 6809, '2012-11-18 12:01:17', '', '', '', ''),
(6919, 6802, '2012-11-18 13:48:22', '', '', '', ''),
(6920, 6806, '2012-11-18 13:49:16', '', '', '', ''),
(6922, 6809, '2012-11-18 13:50:26', '', '', '', ''),
(6929, 6809, '2012-11-18 16:52:58', '', 'Hab mich gefragt, ob der Workshop in der Form nötig ist,weil wir die Infos in einer ziemlich ähnlichen Form ja schon bei der Infoveranstaltung und dem 1. MM bekommen haben. War dann aber ok, weil es ja nur noch sehr kurz wiederholt wurde.', '', ''),
(6938, 6802, '2012-11-18 23:16:36', '', '', '', ''),
(6944, 6809, '2012-11-18 23:23:49', '', 'Zum Punkt Übungen: Es wurden keine Übungen/Cases durchgeführt.', '', ''),
(6945, 6806, '2012-11-18 23:24:51', '', '', 'Die Cases waren für die Zuschauer super witzig und für die Mitwirkenden sehr hilfreich!', ''),
(6952, 6802, '2012-11-19 10:47:19', '', '', '', ''),
(6955, 6806, '2012-11-19 10:48:50', '', '', '', ''),
(6958, 6809, '2012-11-19 10:50:17', '', '', '', ''),
(6963, 6802, '2012-11-19 11:42:01', '', '', '', ''),
(6965, 6806, '2012-11-19 11:44:19', '', '', '', ''),
(6967, 6802, '2012-11-19 15:17:39', '', '', '', ''),
(6969, 6806, '2012-11-19 15:20:23', '', '', '', ''),
(6972, 6809, '2012-11-19 15:23:47', '', '', '', ''),
(6976, 6802, '2012-11-19 16:01:58', '', '', '', ''),
(6979, 6806, '2012-11-19 16:05:24', '', '', '', ''),
(6980, 6809, '2012-11-19 16:06:30', '', '', '', ''),
(6984, 6809, '2012-11-19 17:01:08', '', '', '', ''),
(6994, 6805, '2012-11-24 13:57:13', '', '', '', ''),
(7001, 6805, '2012-11-24 15:19:25', '', '', 'Man sollte die Präsentation vielleicht mal überarbeiten.', ''),
(7008, 6805, '2012-11-24 15:56:54', '', '', '', ''),
(7016, 6805, '2012-11-24 16:37:34', '', '', '', ''),
(7027, 6805, '2012-11-24 19:59:33', '', '', '', ''),
(7028, 6805, '2012-11-24 20:07:41', '', '', '', ''),
(7036, 6805, '2012-11-25 14:39:03', '', '', '', ''),
(7037, 6805, '2012-11-25 20:51:47', '', 'aktualisierte Folien, Musterlösung zum Case', '', 'Projektmanagement, Storytelling'),
(7038, 6805, '2012-11-25 21:25:48', '', '', 'Die Cases fand ich persönlich nicht schlecht aber auch nicht sehr hilfreich. Aufgrund des Zeitpunkts zu dem der Workshop für Trainees vorgesehen ist fände ich es viel sinnvoller in der Gruppe die Angebotspräsentationen der internen Projekte (die die Trainees ja selbst erstellt und mit denen sie sich ausgiebig beschäftigt haben) in Bezug auf die Schulungsinhalte durchzusprechen.', ''),
(7046, 6805, '2012-11-28 07:44:01', '', '', 'Die wohl auch schon längere Verzögerung der Überarbeitung würde kaum schaden nun mal beendet zu werden.', ''),
(7047, 6802, '2012-12-03 21:11:32', '', '', '', ''),
(7050, 6806, '2012-12-03 21:16:41', '', '', '', ''),
(7051, 6809, '2012-12-03 21:18:25', '', '', '', ''),
(7101, 6826, '2013-05-09 11:36:45', '', '', '', ''),
(7102, 6828, '2013-05-09 11:38:13', '', '', 'mehr kleine Pausen bei einer sehr langen Präsentation', ''),
(7104, 6826, '2013-05-09 11:46:18', '', '', '', 'Weitere Schulungen über Präsentationstechniken'),
(7107, 6828, '2013-05-09 11:48:32', '', '', '', 'Weitere Schulungen über Angebotserstellungen'),
(7108, 6828, '2013-05-09 11:50:53', 'Eigentlich in Ordnung; leider war die Zeit etwas knapp und es war teilweise schwierig zu folgen.', 'Mehr Fokus und Zeit auf den Aufbau der Angebotspräsentation legen', '', ''),
(7112, 6826, '2013-05-09 11:55:29', '', '', '', ''),
(7125, 6826, '2013-05-09 12:36:22', '', '', '', ''),
(7128, 6828, '2013-05-09 12:40:48', '', '', 'Man könnte bei der Gruppen im Case berücksichtigen , dass manche gar kein wissen haben und damit ihnen schwer fällt , ein gutes Angebot zu erstellen oder vorzustellen.', ''),
(7131, 6826, '2013-05-09 14:15:29', '', '', '', 'Wie ich in Stresssituationen am besten reagieren kann.'),
(7132, 6828, '2013-05-09 14:20:58', 'Was ich gut fand ist, dass die Cases nah an der Realität waren. D.h. JoJo und Michael Jackson haben sich wie potentielle Kunden verhalten. Jedoch waren es dann doch zu viele Präsentationen hintereinander, sodass gegen Ende viele abgeschalten haben. Wie wäre es mit kleinen Pausen dazwischen?', '', 'Vielleicht sollte man das Workshop PowerPoint vor der Angebotserstellung halten, denn viele haben Zeit an der Präsentationserstellung verloren.', ''),
(7136, 6828, '2013-05-09 15:14:39', '', '', 'Zu viel Informationen auf den Slides', ''),
(7140, 6826, '2013-05-09 18:41:38', '', '', '', ''),
(7141, 6828, '2013-05-09 18:42:58', '', '', '', ''),
(7147, 6826, '2013-05-09 18:51:26', '', '', '', ''),
(7148, 6828, '2013-05-09 18:52:32', '', '', '', ''),
(7155, 6826, '2013-05-09 20:32:59', '', '', '', ''),
(7156, 6828, '2013-05-09 20:37:56', '', 'Ich fände es sinnvoll, wenn der Workshop um eine Einführung in PowerPoint ergänzt wird, so dass man bei der Angebotserstellung auf diese zurückgreifen kann.', '', ''),
(7163, 6826, '2013-05-09 21:02:18', '', '', '', ''),
(7164, 6828, '2013-05-09 21:03:39', '', '', '', ''),
(7172, 6826, '2013-05-09 21:19:04', '', '', '', ''),
(7173, 6828, '2013-05-09 21:20:13', '', '', '', ''),
(7177, 6828, '2013-05-09 22:34:04', '', '', '', ''),
(7184, 6828, '2013-05-09 22:51:41', '', '', '', ''),
(7187, 6826, '2013-05-09 22:59:19', '', '', '', ''),
(7189, 6826, '2013-05-09 23:01:22', '', '', 'Als Einstieg ins Thema, ein sehr guter Workshop.', ''),
(7191, 6828, '2013-05-09 23:04:17', '', '', 'Wie bereits in der Feedbackrunde angesprochen, wäre es vor den Cases schön, das genau Ziel zu erfahren und erst DOs und DONTs zu besprechen und diese dann zu bearbeiten.', ''),
(7197, 6828, '2013-05-10 10:11:34', 'Zuviel Input auf einmal, fände es besser wenn der Workshop verteilt auf zwei Tage gehalten werden würde.', '', '', ''),
(7203, 6826, '2013-05-10 11:21:30', '', '', '', ''),
(7204, 6828, '2013-05-10 11:22:27', '', '', '', ''),
(7220, 6826, '2013-05-10 16:48:23', '', '', '', ''),
(7221, 6828, '2013-05-10 16:48:55', '', '', '', ''),
(7222, 6826, '2013-05-10 17:15:13', '', '', '', ''),
(7223, 6828, '2013-05-10 17:16:06', '', '', '', ''),
(7233, 6828, '2013-05-10 18:45:48', '', '', '- die Theorieteile wurden meiner Meinung nach zum Teil etwas zu schnell durchgenommen\r\n- Zwischendurch kleine Pausen einbauen', ''),
(7235, 6826, '2013-05-10 18:51:36', '', '', 'Die Zeit bei den 3 minütigen Präsentationen war etwas zu kurz, darunter hat die Feedbackrunde etwas gelitten.', ''),
(7237, 6826, '2013-05-10 18:55:21', '', '', 'Ist zwar kein Verbesserungsvorschlag, aber ein Qualitätssicherungsvorschlag. Ich fand sehr gut, dass man am Anfang gleich mal ins kalte Wasser geworfen wurde und dort 3 Minuten überleben musste. Fand ich sehr hilfreich!', ''),
(7238, 6828, '2013-05-10 18:56:05', '', '', '', ''),
(7251, 6826, '2013-05-11 23:30:16', '--', '--', '--', '--'),
(7258, 6828, '2013-05-12 11:37:48', '', 'Die Reihenfolge der Cases im Bezug auf die Vermittlung des Stoffes sollte geändert werden', 'Weniger Infos, aber dafür detailierter und weniger volle Folien', ''),
(7259, 6826, '2013-05-12 11:43:36', '', 'Die Gewichtung der einzelnen Aspekte war sehr gut, auf die Cases wurde sehr viel Zeit verwendet, das war absolut richtig!', 'Insgesamt war die Präsentation sehr gut, die Cases angemessen, allerdings hatte ich den Eindruck, dass Rüdiger manchmal Ihre eigenen Tips nicht berücksichtig (z.B. Stehen auf einem Bein, Seitenlage) aber mir ist auch bewusst, dass der WOrshop sehr lang dauert .. Sehr interessant war es auch etwas über richtiges FeedBack zu lernen', 'Die Ganze Thematik ist sehr interessant, weitere Workshops würden mich sehr interessieren, auch zur Körpersprache des Gegenüber und die \"Manipulation\" von Verhandlungspartnern'),
(7278, 6826, '2013-05-13 13:04:41', '', '', '', ''),
(7279, 6828, '2013-05-13 13:05:43', '', '', '', ''),
(7333, 6837, '2013-06-15 14:46:44', '', '', '', ''),
(7334, 6837, '2013-06-15 15:49:49', '', '', '', ''),
(7335, 6837, '2013-06-15 18:45:14', '', '', '', ''),
(7336, 6837, '2013-06-15 19:24:16', 'Nachdem dieser Workshop nur eine Kurzversion des eigentlichen Prozessmanagementworkshops war, ist es schwierig ihn genauer zu bewerten.\r\nWenn es Ziel war einen Einblick in das Prozessmanagement zu geben war der Workshop sicherlich ein Erfolg.\r\n\r\nEs wäre auf jeden Fall sinnvoll einen Weiteren, tiefergehenden Workshop anzubieten (WW).', '', '', ''),
(7337, 6837, '2013-06-15 22:05:09', '', 'Meiner Meinung nach sollte auf die Prozessoptimierung etwas genauer eingegangen werden.', '', ''),
(7338, 6837, '2013-06-15 23:18:31', '', '', '', 'EXCEL'),
(7339, 6837, '2013-06-15 23:20:07', '', '', '', ''),
(7340, 6837, '2013-06-15 23:30:06', '', '', '', ''),
(7341, 6837, '2013-06-16 00:37:24', '', '', '', ''),
(7342, 6837, '2013-06-16 09:34:30', '', '', 'Modellierungen sind teilweise zu klein dargestellt, hatte Probleme diese gut zu erkennenerkennen', 'Fortsetzung vom Prozessmanagement-Workshop'),
(7343, 6837, '2013-06-16 11:40:51', '', '', '', ''),
(7344, 6837, '2013-06-16 18:27:40', '', '', '', ''),
(7345, 6837, '2013-06-16 19:20:46', '', '', '', ''),
(7346, 6837, '2013-06-17 09:06:52', '', '', '', ''),
(7347, 6837, '2013-06-17 09:15:51', '', '', 'Der Workshop sollte von Leuten gehalten werden, welche sich mit dem Thema Prozessmanagement besser auskennen, um den Lernerfolg zu steigern.', ''),
(7349, 6837, '2013-06-17 09:40:49', 'Es muss sichergestellt werden, dass auch in Zukunft Referenten für die Prozessmanagement-Workshops verfügbar sind. Wissenstransfer!', '2-Tagesworkshop ist nicht in 3h machbar. Lieber nochmal die Zeit nehmen (vielleicht am Workingweekend) und ausführlich den Workshop durchgehen.', '', ''),
(7350, 6837, '2013-06-17 11:35:43', 'Bessere Einarbeitung in das Thema', '', '', ''),
(7351, 6837, '2013-06-17 12:14:12', '', '', '', ''),
(7352, 6837, '2013-06-17 16:30:31', '', '', '', ''),
(7380, 6850, '2013-11-17 19:38:27', '', '', '', ''),
(7386, 6850, '2013-11-17 20:05:53', '', '', '', ''),
(7390, 6850, '2013-11-17 20:28:40', '', 'mehr Informationen, Erfahrungen.', '', ''),
(7459, 6850, '2013-11-18 14:14:05', '', '', '', ''),
(7462, 6850, '2013-11-18 14:45:46', '', '', '', ''),
(7464, 6850, '2013-11-18 15:26:13', '', '', '', ''),
(7466, 6850, '2013-11-18 15:58:25', '', '', '', ''),
(7490, 6850, '2013-11-19 01:17:09', '', '', '', ''),
(7600, 6862, '2014-05-05 14:40:16', '', '', '', ''),
(7607, 6862, '2014-05-06 11:30:18', '', 'Noch interaktiver gestalten', 'Zu viel Text in den Folien.', 'Menschenkenntnis und Einschätzung aufgrund des Verhaltens'),
(7612, 6862, '2014-05-06 20:19:42', '', '', '', ''),
(7623, 6862, '2014-05-06 21:18:38', '', '', '', ''),
(7629, 6862, '2014-05-07 07:37:51', '', '', '', ''),
(7638, 6862, '2014-05-07 12:38:33', '', '', 'Eine \"Musterlösung\" im Case wäre interessant', ''),
(7644, 6862, '2014-05-07 15:03:48', '', '', '', ''),
(7653, 6862, '2014-05-07 20:13:38', '-', '-', 'Die Präsentation ist leider nicht in Alfresco hochgeladen. Die Version dort ist vom 20. Novemeber 2012.', ''),
(7663, 6862, '2014-05-08 00:21:37', '-', '-', '-', '-'),
(7670, 6862, '2014-05-08 07:14:09', '', '', '', 'Richtig Telefonieren (Cold CAlling)'),
(7682, 6862, '2014-05-08 15:57:09', '', '', '', ''),
(7690, 6862, '2014-05-08 23:13:23', '', '', '', ''),
(7694, 6862, '2014-05-09 15:14:35', '', 'Wenn möglich die Cases realistischer gestalten. Nicht übertreiben.', '', ''),
(7716, 6862, '2014-05-12 11:18:18', '', '', '', ''),
(7722, 6862, '2014-05-12 23:17:21', '', '', '', ''),
(7729, 6862, '2014-05-13 15:22:44', '', '', '', ''),
(7738, 6862, '2014-05-13 18:19:02', 'Das Case war meiner Meinung nach ein guter Ansatz. Leider sehr überzogen dargestellt, sodass der Bezug zur Realität teilweise etwas gefehlt hat.', '', '', ''),
(7751, 6862, '2014-05-13 20:57:30', '', '', '', ''),
(7753, 6862, '2014-05-14 16:35:48', '', '', '', '');


--
-- Daten für Tabelle `schulungsfeedback_has_feedbackfrage`
--

INSERT INTO `schulungsfeedback_has_feedbackfrage` (`schulungsfeedback_schulungsfeedbackID`, `feedbackfrage_feedbackfrageID`, `note`) VALUES
(6778, 1, 1),
(6778, 2, 2),
(6778, 3, 2),
(6778, 4, 1),
(6778, 5, 1),
(6778, 6, 2),
(6778, 7, 1),
(6778, 8, 3),
(6778, 9, 2),
(6783, 1, 2),
(6783, 2, 2),
(6783, 3, 1),
(6783, 4, 1),
(6783, 5, 2),
(6783, 6, 3),
(6783, 7, 2),
(6783, 8, 3),
(6783, 9, 2),
(6787, 1, 1),
(6787, 2, 1),
(6787, 3, 1),
(6787, 4, 1),
(6787, 5, 1),
(6787, 6, 2),
(6787, 7, 2),
(6787, 8, 2),
(6787, 9, 1),
(6788, 1, 2),
(6788, 2, 2),
(6788, 3, 2),
(6788, 4, 2),
(6788, 5, 2),
(6788, 6, 2),
(6788, 7, 3),
(6788, 8, 3),
(6788, 9, 3),
(6792, 1, 1),
(6792, 2, 1),
(6792, 3, 1),
(6792, 4, 1),
(6792, 5, 1),
(6792, 6, 1),
(6792, 7, 1),
(6792, 8, 1),
(6792, 9, 1),
(6794, 1, 2),
(6794, 2, 2),
(6794, 3, 2),
(6794, 4, 2),
(6794, 5, 2),
(6794, 6, 5),
(6794, 7, 2),
(6794, 8, 2),
(6794, 9, 2),
(6798, 1, 1),
(6798, 2, 1),
(6798, 3, 1),
(6798, 4, 2),
(6798, 5, 2),
(6798, 6, 3),
(6798, 7, 2),
(6798, 8, 2),
(6798, 9, 1),
(6807, 1, 1),
(6807, 2, 1),
(6807, 3, 1),
(6807, 4, 1),
(6807, 5, 1),
(6807, 6, 1),
(6807, 7, 1),
(6807, 8, 1),
(6807, 9, 1),
(6808, 1, 1),
(6808, 2, 1),
(6808, 3, 1),
(6808, 4, 1),
(6808, 5, 1),
(6808, 6, 1),
(6808, 7, 1),
(6808, 8, 1),
(6808, 9, 1),
(6812, 1, 1),
(6812, 2, 1),
(6812, 3, 1),
(6812, 4, 2),
(6812, 5, 3),
(6812, 6, 3),
(6812, 7, 3),
(6812, 8, 2),
(6812, 9, 1),
(6817, 1, 2),
(6817, 2, 2),
(6817, 3, 1),
(6817, 4, 2),
(6817, 5, 1),
(6817, 6, 2),
(6817, 7, 1),
(6817, 8, 2),
(6817, 9, 2),
(6821, 1, 1),
(6821, 2, 1),
(6821, 3, 1),
(6821, 4, 1),
(6821, 5, 1),
(6821, 6, 1),
(6821, 7, 1),
(6821, 8, 1),
(6821, 9, 1),
(6823, 1, 1),
(6823, 2, 1),
(6823, 3, 1),
(6823, 4, 1),
(6823, 5, 1),
(6823, 6, 1),
(6823, 7, 1),
(6823, 8, 1),
(6823, 9, 1),
(6827, 1, 2),
(6827, 2, 2),
(6827, 3, 1),
(6827, 4, 2),
(6827, 5, 2),
(6827, 6, 2),
(6827, 7, 2),
(6827, 8, 2),
(6827, 9, 2),
(6829, 1, 1),
(6829, 2, 2),
(6829, 3, 2),
(6829, 4, 2),
(6829, 5, 1),
(6829, 6, 1),
(6829, 7, 1),
(6829, 8, 1),
(6829, 9, 1),
(6832, 1, 2),
(6832, 2, 2),
(6832, 3, 1),
(6832, 4, 2),
(6832, 5, 2),
(6832, 6, 2),
(6832, 7, 2),
(6832, 8, 2),
(6832, 9, 2),
(6834, 1, 1),
(6834, 2, 1),
(6834, 3, 1),
(6834, 4, 1),
(6834, 5, 2),
(6834, 6, 2),
(6834, 7, 3),
(6834, 8, 2),
(6834, 9, 2),
(6836, 1, 2),
(6836, 2, 1),
(6836, 3, 2),
(6836, 4, 2),
(6836, 5, 1),
(6836, 6, 2),
(6836, 7, 1),
(6836, 8, 1),
(6836, 9, 2),
(6837, 1, 1),
(6837, 2, 2),
(6837, 3, 2),
(6837, 4, 2),
(6837, 5, 1),
(6837, 6, 2),
(6837, 7, 2),
(6837, 8, 2),
(6837, 9, 2),
(6839, 1, 1),
(6839, 2, 2),
(6839, 3, 3),
(6839, 4, 3),
(6839, 5, 2),
(6839, 6, 3),
(6839, 7, 2),
(6839, 8, 2),
(6839, 9, 2),
(6845, 1, 1),
(6845, 2, 1),
(6845, 3, 1),
(6845, 4, 1),
(6845, 5, 1),
(6845, 6, 1),
(6845, 7, 1),
(6845, 8, 1),
(6845, 9, 1),
(6846, 1, 1),
(6846, 2, 2),
(6846, 3, 1),
(6846, 4, 1),
(6846, 5, 1),
(6846, 6, 1),
(6846, 7, 1),
(6846, 8, 1),
(6846, 9, 1),
(6848, 1, 1),
(6848, 2, 1),
(6848, 3, 1),
(6848, 4, 1),
(6848, 5, 2),
(6848, 6, 1),
(6848, 7, 2),
(6848, 8, 2),
(6848, 9, 1),
(6853, 1, 1),
(6853, 2, 1),
(6853, 3, 1),
(6853, 4, 1),
(6853, 5, 1),
(6853, 6, 1),
(6853, 7, 1),
(6853, 8, 1),
(6853, 9, 1),
(6856, 1, 1),
(6856, 2, 1),
(6856, 3, 1),
(6856, 4, 1),
(6856, 5, 1),
(6856, 6, 1),
(6856, 7, 1),
(6856, 8, 1),
(6856, 9, 1),
(6859, 1, 1),
(6859, 2, 1),
(6859, 3, 1),
(6859, 4, 2),
(6859, 5, 2),
(6859, 6, 2),
(6859, 7, 1),
(6859, 8, 2),
(6859, 9, 2),
(6865, 1, 1),
(6865, 2, 2),
(6865, 3, 1),
(6865, 4, 1),
(6865, 5, 1),
(6865, 6, 2),
(6865, 7, 2),
(6865, 8, 2),
(6865, 9, 2),
(6867, 1, 1),
(6867, 2, 1),
(6867, 3, 1),
(6867, 4, 1),
(6867, 5, 1),
(6867, 6, 1),
(6867, 7, 1),
(6867, 8, 1),
(6867, 9, 1),
(6870, 1, 1),
(6870, 2, 1),
(6870, 3, 1),
(6870, 4, 3),
(6870, 5, 3),
(6870, 6, 3),
(6870, 7, 2),
(6870, 8, 2),
(6870, 9, 1),
(6875, 1, 1),
(6875, 2, 1),
(6875, 3, 1),
(6875, 4, 1),
(6875, 5, 1),
(6875, 6, 1),
(6875, 7, 3),
(6875, 8, 3),
(6875, 9, 3),
(6876, 1, 1),
(6876, 2, 2),
(6876, 3, 1),
(6876, 4, 1),
(6876, 5, 1),
(6876, 6, 3),
(6876, 7, 3),
(6876, 8, 3),
(6876, 9, 3),
(6877, 1, 1),
(6877, 2, 1),
(6877, 3, 1),
(6877, 4, 1),
(6877, 5, 1),
(6877, 6, 1),
(6877, 7, 1),
(6877, 8, 1),
(6877, 9, 2),
(6883, 1, 2),
(6883, 2, 1),
(6883, 3, 1),
(6883, 4, 1),
(6883, 5, 2),
(6883, 6, 3),
(6883, 7, 2),
(6883, 8, 2),
(6883, 9, 1),
(6886, 1, 1),
(6886, 2, 1),
(6886, 3, 2),
(6886, 4, 2),
(6886, 5, 1),
(6886, 6, 1),
(6886, 7, 2),
(6886, 8, 1),
(6886, 9, 1),
(6888, 1, 2),
(6888, 2, 1),
(6888, 3, 2),
(6888, 4, 2),
(6888, 5, 1),
(6888, 6, 1),
(6888, 7, 2),
(6888, 8, 1),
(6888, 9, 1),
(6891, 1, 1),
(6891, 2, 1),
(6891, 3, 1),
(6891, 4, 1),
(6891, 5, 1),
(6891, 6, 1),
(6891, 7, 2),
(6891, 8, 2),
(6891, 9, 1),
(6893, 1, 1),
(6893, 2, 1),
(6893, 3, 1),
(6893, 4, 1),
(6893, 5, 1),
(6893, 6, 1),
(6893, 7, 1),
(6893, 8, 2),
(6893, 9, 2),
(6898, 1, 1),
(6898, 2, 1),
(6898, 3, 1),
(6898, 4, 1),
(6898, 5, 1),
(6898, 6, 2),
(6898, 7, 1),
(6898, 8, 2),
(6898, 9, 1),
(6902, 1, 1),
(6902, 2, 2),
(6902, 3, 1),
(6902, 4, 1),
(6902, 5, 1),
(6902, 6, 1),
(6902, 7, 1),
(6902, 8, 1),
(6902, 9, 1),
(6905, 1, 1),
(6905, 2, 1),
(6905, 3, 1),
(6905, 4, 1),
(6905, 5, 1),
(6905, 6, 1),
(6905, 7, 1),
(6905, 8, 1),
(6905, 9, 1),
(6907, 1, 1),
(6907, 2, 2),
(6907, 3, 1),
(6907, 4, 1),
(6907, 5, 1),
(6907, 6, 1),
(6907, 7, 2),
(6907, 8, 1),
(6907, 9, 1),
(6909, 1, 1),
(6909, 2, 1),
(6909, 3, 1),
(6909, 4, 1),
(6909, 5, 1),
(6909, 6, 1),
(6909, 7, 1),
(6909, 8, 1),
(6909, 9, 1),
(6912, 1, 1),
(6912, 2, 2),
(6912, 3, 2),
(6912, 4, 2),
(6912, 5, 1),
(6912, 6, 3),
(6912, 7, 2),
(6912, 8, 2),
(6912, 9, 2),
(6914, 1, 2),
(6914, 2, 2),
(6914, 3, 2),
(6914, 4, 1),
(6914, 5, 1),
(6914, 6, 1),
(6914, 7, 2),
(6914, 8, 2),
(6914, 9, 2),
(6917, 1, 2),
(6917, 2, 2),
(6917, 3, 2),
(6917, 4, 1),
(6917, 5, 2),
(6917, 6, 3),
(6917, 7, 3),
(6917, 8, 2),
(6917, 9, 2),
(6919, 1, 3),
(6919, 2, 2),
(6919, 3, 2),
(6919, 4, 2),
(6919, 5, 2),
(6919, 6, 3),
(6919, 7, 2),
(6919, 8, 2),
(6919, 9, 2),
(6920, 1, 2),
(6920, 2, 2),
(6920, 3, 2),
(6920, 4, 2),
(6920, 5, 2),
(6920, 6, 2),
(6920, 7, 1),
(6920, 8, 2),
(6920, 9, 2),
(6922, 1, 1),
(6922, 2, 2),
(6922, 3, 2),
(6922, 4, 2),
(6922, 5, 2),
(6922, 6, 3),
(6922, 7, 2),
(6922, 8, 2),
(6922, 9, 1),
(6929, 1, 1),
(6929, 2, 1),
(6929, 3, 1),
(6929, 4, 1),
(6929, 5, 2),
(6929, 6, 2),
(6929, 7, 3),
(6929, 8, 3),
(6929, 9, 2),
(6938, 1, 1),
(6938, 2, 1),
(6938, 3, 2),
(6938, 4, 1),
(6938, 5, 1),
(6938, 6, 1),
(6938, 7, 1),
(6938, 8, 1),
(6938, 9, 1),
(6944, 1, 1),
(6944, 2, 1),
(6944, 3, 1),
(6944, 4, 2),
(6944, 5, 1),
(6944, 6, 5),
(6944, 7, 2),
(6944, 8, 2),
(6944, 9, 2),
(6945, 1, 1),
(6945, 2, 1),
(6945, 3, 1),
(6945, 4, 1),
(6945, 5, 1),
(6945, 6, 1),
(6945, 7, 1),
(6945, 8, 1),
(6945, 9, 1),
(6952, 1, 2),
(6952, 2, 2),
(6952, 3, 1),
(6952, 4, 2),
(6952, 5, 1),
(6952, 6, 2),
(6952, 7, 1),
(6952, 8, 2),
(6952, 9, 2),
(6955, 1, 2),
(6955, 2, 1),
(6955, 3, 2),
(6955, 4, 1),
(6955, 5, 1),
(6955, 6, 2),
(6955, 7, 2),
(6955, 8, 2),
(6955, 9, 2),
(6958, 1, 2),
(6958, 2, 2),
(6958, 3, 2),
(6958, 4, 2),
(6958, 5, 2),
(6958, 6, 2),
(6958, 7, 2),
(6958, 8, 2),
(6958, 9, 2),
(6963, 1, 1),
(6963, 2, 1),
(6963, 3, 1),
(6963, 4, 1),
(6963, 5, 1),
(6963, 6, 3),
(6963, 7, 2),
(6963, 8, 1),
(6963, 9, 1),
(6965, 1, 1),
(6965, 2, 1),
(6965, 3, 1),
(6965, 4, 1),
(6965, 5, 1),
(6965, 6, 1),
(6965, 7, 1),
(6965, 8, 1),
(6965, 9, 1),
(6967, 1, 1),
(6967, 2, 1),
(6967, 3, 1),
(6967, 4, 1),
(6967, 5, 1),
(6967, 6, 1),
(6967, 7, 1),
(6967, 8, 2),
(6967, 9, 2),
(6969, 1, 1),
(6969, 2, 1),
(6969, 3, 1),
(6969, 4, 1),
(6969, 5, 1),
(6969, 6, 1),
(6969, 7, 1),
(6969, 8, 1),
(6969, 9, 1),
(6972, 1, 1),
(6972, 2, 1),
(6972, 3, 1),
(6972, 4, 1),
(6972, 5, 1),
(6972, 6, 3),
(6972, 7, 1),
(6972, 8, 1),
(6972, 9, 1),
(6976, 1, 1),
(6976, 2, 1),
(6976, 3, 1),
(6976, 4, 1),
(6976, 5, 1),
(6976, 6, 1),
(6976, 7, 1),
(6976, 8, 2),
(6976, 9, 2),
(6979, 1, 1),
(6979, 2, 1),
(6979, 3, 2),
(6979, 4, 1),
(6979, 5, 1),
(6979, 6, 1),
(6979, 7, 1),
(6979, 8, 1),
(6979, 9, 1),
(6980, 1, 3),
(6980, 2, 2),
(6980, 3, 1),
(6980, 4, 2),
(6980, 5, 2),
(6980, 6, 3),
(6980, 7, 2),
(6980, 8, 3),
(6980, 9, 2),
(6984, 1, 1),
(6984, 2, 2),
(6984, 3, 1),
(6984, 4, 1),
(6984, 5, 1),
(6984, 6, 3),
(6984, 7, 2),
(6984, 8, 2),
(6984, 9, 1),
(6994, 1, 2),
(6994, 2, 3),
(6994, 3, 1),
(6994, 4, 1),
(6994, 5, 1),
(6994, 6, 1),
(6994, 7, 3),
(6994, 8, 2),
(6994, 9, 2),
(7001, 1, 1),
(7001, 2, 1),
(7001, 3, 1),
(7001, 4, 1),
(7001, 5, 1),
(7001, 6, 1),
(7001, 7, 2),
(7001, 8, 2),
(7001, 9, 1),
(7008, 1, 1),
(7008, 2, 2),
(7008, 3, 1),
(7008, 4, 1),
(7008, 5, 1),
(7008, 6, 1),
(7008, 7, 1),
(7008, 8, 2),
(7008, 9, 2),
(7016, 1, 1),
(7016, 2, 1),
(7016, 3, 1),
(7016, 4, 1),
(7016, 5, 1),
(7016, 6, 1),
(7016, 7, 2),
(7016, 8, 1),
(7016, 9, 1),
(7027, 1, 1),
(7027, 2, 1),
(7027, 3, 1),
(7027, 4, 1),
(7027, 5, 1),
(7027, 6, 1),
(7027, 7, 1),
(7027, 8, 2),
(7027, 9, 1),
(7028, 1, 2),
(7028, 2, 3),
(7028, 3, 1),
(7028, 4, 1),
(7028, 5, 1),
(7028, 6, 2),
(7028, 7, 1),
(7028, 8, 2),
(7028, 9, 2),
(7036, 1, 1),
(7036, 2, 2),
(7036, 3, 1),
(7036, 4, 1),
(7036, 5, 1),
(7036, 6, 2),
(7036, 7, 3),
(7036, 8, 2),
(7036, 9, 1),
(7037, 1, 1),
(7037, 2, 3),
(7037, 3, 2),
(7037, 4, 2),
(7037, 5, 1),
(7037, 6, 1),
(7037, 7, 2),
(7037, 8, 1),
(7037, 9, 2),
(7038, 1, 1),
(7038, 2, 3),
(7038, 3, 1),
(7038, 4, 1),
(7038, 5, 1),
(7038, 6, 4),
(7038, 7, 3),
(7038, 8, 2),
(7038, 9, 1),
(7046, 1, 2),
(7046, 2, 3),
(7046, 3, 1),
(7046, 4, 1),
(7046, 5, 1),
(7046, 6, 1),
(7046, 7, 3),
(7046, 8, 2),
(7046, 9, 2),
(7047, 1, 2),
(7047, 2, 2),
(7047, 3, 1),
(7047, 4, 2),
(7047, 5, 1),
(7047, 6, 2),
(7047, 7, 2),
(7047, 8, 2),
(7047, 9, 1),
(7050, 1, 2),
(7050, 2, 2),
(7050, 3, 1),
(7050, 4, 1),
(7050, 5, 2),
(7050, 6, 1),
(7050, 7, 2),
(7050, 8, 2),
(7050, 9, 1),
(7051, 1, 2),
(7051, 2, 2),
(7051, 3, 2),
(7051, 4, 2),
(7051, 5, 2),
(7051, 6, 2),
(7051, 7, 2),
(7051, 8, 2),
(7051, 9, 2),
(7101, 1, 1),
(7101, 2, 1),
(7101, 3, 1),
(7101, 4, 1),
(7101, 5, 2),
(7101, 6, 1),
(7101, 7, 3),
(7101, 8, 2),
(7101, 9, 2),
(7102, 1, 2),
(7102, 2, 1),
(7102, 3, 1),
(7102, 4, 1),
(7102, 5, 1),
(7102, 6, 1),
(7102, 7, 2),
(7102, 8, 2),
(7102, 9, 4),
(7104, 1, 1),
(7104, 2, 2),
(7104, 3, 1),
(7104, 4, 1),
(7104, 5, 1),
(7104, 6, 1),
(7104, 7, 1),
(7104, 8, 1),
(7104, 9, 1),
(7107, 1, 2),
(7107, 2, 2),
(7107, 3, 1),
(7107, 4, 2),
(7107, 5, 1),
(7107, 6, 3),
(7107, 7, 1),
(7107, 8, 2),
(7107, 9, 2),
(7108, 1, 2),
(7108, 2, 3),
(7108, 3, 2),
(7108, 4, 2),
(7108, 5, 1),
(7108, 6, 2),
(7108, 7, 1),
(7108, 8, 2),
(7108, 9, 2),
(7112, 1, 1),
(7112, 2, 2),
(7112, 3, 1),
(7112, 4, 1),
(7112, 5, 1),
(7112, 6, 2),
(7112, 7, 1),
(7112, 8, 2),
(7112, 9, 1),
(7125, 1, 1),
(7125, 2, 3),
(7125, 3, 1),
(7125, 4, 1),
(7125, 5, 1),
(7125, 6, 1),
(7125, 7, 1),
(7125, 8, 1),
(7125, 9, 1),
(7128, 1, 1),
(7128, 2, 1),
(7128, 3, 1),
(7128, 4, 1),
(7128, 5, 1),
(7128, 6, 1),
(7128, 7, 1),
(7128, 8, 1),
(7128, 9, 1),
(7131, 1, 2),
(7131, 2, 3),
(7131, 3, 1),
(7131, 4, 1),
(7131, 5, 1),
(7131, 6, 2),
(7131, 7, 2),
(7131, 8, 3),
(7131, 9, 2),
(7132, 1, 2),
(7132, 2, 3),
(7132, 3, 2),
(7132, 4, 2),
(7132, 5, 1),
(7132, 6, 1),
(7132, 7, 1),
(7132, 8, 1),
(7132, 9, 2),
(7136, 1, 2),
(7136, 2, 4),
(7136, 3, 2),
(7136, 4, 2),
(7136, 5, 1),
(7136, 6, 1),
(7136, 7, 3),
(7136, 8, 2),
(7136, 9, 2),
(7140, 1, 2),
(7140, 2, 2),
(7140, 3, 1),
(7140, 4, 1),
(7140, 5, 1),
(7140, 6, 1),
(7140, 7, 2),
(7140, 8, 2),
(7140, 9, 1),
(7141, 1, 1),
(7141, 2, 1),
(7141, 3, 1),
(7141, 4, 1),
(7141, 5, 1),
(7141, 6, 1),
(7141, 7, 1),
(7141, 8, 1),
(7141, 9, 2),
(7147, 1, 1),
(7147, 2, 1),
(7147, 3, 2),
(7147, 4, 1),
(7147, 5, 1),
(7147, 6, 2),
(7147, 7, 1),
(7147, 8, 2),
(7147, 9, 2),
(7148, 1, 3),
(7148, 2, 2),
(7148, 3, 1),
(7148, 4, 2),
(7148, 5, 1),
(7148, 6, 1),
(7148, 7, 1),
(7148, 8, 2),
(7148, 9, 2),
(7155, 1, 1),
(7155, 2, 2),
(7155, 3, 2),
(7155, 4, 1),
(7155, 5, 1),
(7155, 6, 2),
(7155, 7, 2),
(7155, 8, 2),
(7155, 9, 2),
(7156, 1, 2),
(7156, 2, 2),
(7156, 3, 2),
(7156, 4, 2),
(7156, 5, 2),
(7156, 6, 2),
(7156, 7, 2),
(7156, 8, 2),
(7156, 9, 2),
(7163, 1, 1),
(7163, 2, 2),
(7163, 3, 1),
(7163, 4, 1),
(7163, 5, 1),
(7163, 6, 1),
(7163, 7, 1),
(7163, 8, 1),
(7163, 9, 1),
(7164, 1, 2),
(7164, 2, 1),
(7164, 3, 1),
(7164, 4, 2),
(7164, 5, 1),
(7164, 6, 2),
(7164, 7, 1),
(7164, 8, 1),
(7164, 9, 1),
(7172, 1, 1),
(7172, 2, 1),
(7172, 3, 1),
(7172, 4, 1),
(7172, 5, 1),
(7172, 6, 1),
(7172, 7, 2),
(7172, 8, 2),
(7172, 9, 2),
(7173, 1, 2),
(7173, 2, 2),
(7173, 3, 1),
(7173, 4, 1),
(7173, 5, 1),
(7173, 6, 1),
(7173, 7, 1),
(7173, 8, 1),
(7173, 9, 1),
(7177, 1, 2),
(7177, 2, 2),
(7177, 3, 1),
(7177, 4, 3),
(7177, 5, 1),
(7177, 6, 2),
(7177, 7, 2),
(7177, 8, 2),
(7177, 9, 2),
(7184, 1, 2),
(7184, 2, 1),
(7184, 3, 1),
(7184, 4, 1),
(7184, 5, 1),
(7184, 6, 1),
(7184, 7, 1),
(7184, 8, 1),
(7184, 9, 2),
(7187, 1, 1),
(7187, 2, 1),
(7187, 3, 1),
(7187, 4, 1),
(7187, 5, 1),
(7187, 6, 1),
(7187, 7, 1),
(7187, 8, 1),
(7187, 9, 1),
(7189, 1, 1),
(7189, 2, 2),
(7189, 3, 1),
(7189, 4, 1),
(7189, 5, 1),
(7189, 6, 1),
(7189, 7, 1),
(7189, 8, 2),
(7189, 9, 2),
(7191, 1, 2),
(7191, 2, 3),
(7191, 3, 1),
(7191, 4, 1),
(7191, 5, 1),
(7191, 6, 2),
(7191, 7, 1),
(7191, 8, 2),
(7191, 9, 2),
(7197, 1, 2),
(7197, 2, 2),
(7197, 3, 1),
(7197, 4, 2),
(7197, 5, 1),
(7197, 6, 3),
(7197, 7, 1),
(7197, 8, 2),
(7197, 9, 3),
(7203, 1, 1),
(7203, 2, 1),
(7203, 3, 1),
(7203, 4, 1),
(7203, 5, 1),
(7203, 6, 1),
(7203, 7, 1),
(7203, 8, 1),
(7203, 9, 1),
(7204, 1, 1),
(7204, 2, 1),
(7204, 3, 1),
(7204, 4, 2),
(7204, 5, 1),
(7204, 6, 2),
(7204, 7, 1),
(7204, 8, 1),
(7204, 9, 1),
(7220, 1, 1),
(7220, 2, 1),
(7220, 3, 1),
(7220, 4, 1),
(7220, 5, 1),
(7220, 6, 1),
(7220, 7, 1),
(7220, 8, 1),
(7220, 9, 1),
(7221, 1, 1),
(7221, 2, 1),
(7221, 3, 2),
(7221, 4, 1),
(7221, 5, 1),
(7221, 6, 2),
(7221, 7, 1),
(7221, 8, 1),
(7221, 9, 1),
(7222, 1, 1),
(7222, 2, 2),
(7222, 3, 2),
(7222, 4, 2),
(7222, 5, 1),
(7222, 6, 1),
(7222, 7, 1),
(7222, 8, 2),
(7222, 9, 2),
(7223, 1, 2),
(7223, 2, 3),
(7223, 3, 2),
(7223, 4, 1),
(7223, 5, 1),
(7223, 6, 1),
(7223, 7, 1),
(7223, 8, 2),
(7223, 9, 2),
(7233, 1, 2),
(7233, 2, 2),
(7233, 3, 2),
(7233, 4, 2),
(7233, 5, 1),
(7233, 6, 1),
(7233, 7, 2),
(7233, 8, 1),
(7233, 9, 1),
(7235, 1, 2),
(7235, 2, 2),
(7235, 3, 1),
(7235, 4, 2),
(7235, 5, 1),
(7235, 6, 1),
(7235, 7, 1),
(7235, 8, 1),
(7235, 9, 2),
(7237, 1, 1),
(7237, 2, 1),
(7237, 3, 1),
(7237, 4, 1),
(7237, 5, 1),
(7237, 6, 1),
(7237, 7, 2),
(7237, 8, 1),
(7237, 9, 1),
(7238, 1, 2),
(7238, 2, 3),
(7238, 3, 2),
(7238, 4, 2),
(7238, 5, 1),
(7238, 6, 1),
(7238, 7, 1),
(7238, 8, 2),
(7238, 9, 2),
(7251, 1, 1),
(7251, 2, 1),
(7251, 3, 1),
(7251, 4, 1),
(7251, 5, 1),
(7251, 6, 1),
(7251, 7, 1),
(7251, 8, 1),
(7251, 9, 2),
(7258, 1, 3),
(7258, 2, 3),
(7258, 3, 1),
(7258, 4, 1),
(7258, 5, 1),
(7258, 6, 1),
(7258, 7, 2),
(7258, 8, 1),
(7258, 9, 2),
(7259, 1, 1),
(7259, 2, 2),
(7259, 3, 1),
(7259, 4, 1),
(7259, 5, 1),
(7259, 6, 1),
(7259, 7, 1),
(7259, 8, 3),
(7259, 9, 2),
(7278, 1, 2),
(7278, 2, 3),
(7278, 3, 1),
(7278, 4, 1),
(7278, 5, 2),
(7278, 6, 1),
(7278, 7, 1),
(7278, 8, 2),
(7278, 9, 2),
(7279, 1, 3),
(7279, 2, 2),
(7279, 3, 2),
(7279, 4, 2),
(7279, 5, 1),
(7279, 6, 2),
(7279, 7, 2),
(7279, 8, 3),
(7279, 9, 3),
(7333, 1, 2),
(7333, 2, 1),
(7333, 3, 1),
(7333, 4, 1),
(7333, 5, 2),
(7333, 6, 2),
(7333, 7, 2),
(7333, 8, 2),
(7333, 9, 2),
(7334, 1, 2),
(7334, 2, 1),
(7334, 3, 3),
(7334, 4, 2),
(7334, 5, 1),
(7334, 6, 1),
(7334, 7, 1),
(7334, 8, 2),
(7334, 9, 2),
(7335, 1, 3),
(7335, 2, 2),
(7335, 3, 3),
(7335, 4, 2),
(7335, 5, 1),
(7335, 6, 2),
(7335, 7, 1),
(7335, 8, 3),
(7335, 9, 2),
(7336, 1, 2),
(7336, 2, 3),
(7336, 3, 2),
(7336, 4, 4),
(7336, 5, 2),
(7336, 6, 3),
(7336, 7, 1),
(7336, 8, 4),
(7336, 9, 4),
(7337, 1, 2),
(7337, 2, 2),
(7337, 3, 1),
(7337, 4, 3),
(7337, 5, 1),
(7337, 6, 1),
(7337, 7, 1),
(7337, 8, 2),
(7337, 9, 2),
(7338, 1, 2),
(7338, 2, 2),
(7338, 3, 1),
(7338, 4, 3),
(7338, 5, 2),
(7338, 6, 2),
(7338, 7, 2),
(7338, 8, 3),
(7338, 9, 2),
(7339, 1, 2),
(7339, 2, 3),
(7339, 3, 3),
(7339, 4, 1),
(7339, 5, 1),
(7339, 6, 2),
(7339, 7, 1),
(7339, 8, 3),
(7339, 9, 2),
(7340, 1, 2),
(7340, 2, 3),
(7340, 3, 3),
(7340, 4, 2),
(7340, 5, 1),
(7340, 6, 2),
(7340, 7, 2),
(7340, 8, 3),
(7340, 9, 2),
(7341, 1, 2),
(7341, 2, 2),
(7341, 3, 2),
(7341, 4, 3),
(7341, 5, 3),
(7341, 6, 2),
(7341, 7, 1),
(7341, 8, 2),
(7341, 9, 2),
(7342, 1, 2),
(7342, 2, 3),
(7342, 3, 2),
(7342, 4, 2),
(7342, 5, 1),
(7342, 6, 1),
(7342, 7, 1),
(7342, 8, 2),
(7342, 9, 2),
(7343, 1, 1),
(7343, 2, 2),
(7343, 3, 2),
(7343, 4, 2),
(7343, 5, 1),
(7343, 6, 1),
(7343, 7, 1),
(7343, 8, 2),
(7343, 9, 2),
(7344, 1, 1),
(7344, 2, 1),
(7344, 3, 2),
(7344, 4, 2),
(7344, 5, 1),
(7344, 6, 1),
(7344, 7, 2),
(7344, 8, 2),
(7344, 9, 2),
(7345, 1, 1),
(7345, 2, 1),
(7345, 3, 2),
(7345, 4, 1),
(7345, 5, 1),
(7345, 6, 1),
(7345, 7, 1),
(7345, 8, 2),
(7345, 9, 1),
(7346, 1, 2),
(7346, 2, 2),
(7346, 3, 2),
(7346, 4, 1),
(7346, 5, 1),
(7346, 6, 1),
(7346, 7, 1),
(7346, 8, 3),
(7346, 9, 2),
(7347, 1, 2),
(7347, 2, 3),
(7347, 3, 4),
(7347, 4, 2),
(7347, 5, 1),
(7347, 6, 2),
(7347, 7, 1),
(7347, 8, 4),
(7347, 9, 2),
(7349, 1, 1),
(7349, 2, 2),
(7349, 3, 1),
(7349, 4, 2),
(7349, 5, 1),
(7349, 6, 1),
(7349, 7, 1),
(7349, 8, 1),
(7349, 9, 1),
(7350, 1, 3),
(7350, 2, 3),
(7350, 3, 3),
(7350, 4, 2),
(7350, 5, 1),
(7350, 6, 2),
(7350, 7, 1),
(7350, 8, 2),
(7350, 9, 2),
(7351, 1, 3),
(7351, 2, 4),
(7351, 3, 3),
(7351, 4, 1),
(7351, 5, 1),
(7351, 6, 2),
(7351, 7, 1),
(7351, 8, 3),
(7351, 9, 2),
(7352, 1, 1),
(7352, 2, 1),
(7352, 3, 2),
(7352, 4, 2),
(7352, 5, 3),
(7352, 6, 1),
(7352, 7, 2),
(7352, 8, 2),
(7352, 9, 2),
(7380, 1, 2),
(7380, 2, 3),
(7380, 3, 1),
(7380, 4, 3),
(7380, 5, 1),
(7380, 6, 4),
(7380, 7, 1),
(7380, 8, 4),
(7380, 9, 3),
(7386, 1, 1),
(7386, 2, 1),
(7386, 3, 1),
(7386, 4, 2),
(7386, 5, 1),
(7386, 6, 1),
(7386, 7, 1),
(7386, 8, 2),
(7386, 9, 2),
(7390, 1, 2),
(7390, 2, 2),
(7390, 3, 1),
(7390, 4, 2),
(7390, 5, 2),
(7390, 6, 2),
(7390, 7, 3),
(7390, 8, 2),
(7390, 9, 2),
(7459, 1, 2),
(7459, 2, 2),
(7459, 3, 2),
(7459, 4, 1),
(7459, 5, 1),
(7459, 6, 2),
(7459, 7, 2),
(7459, 8, 2),
(7459, 9, 2),
(7462, 1, 1),
(7462, 2, 2),
(7462, 3, 1),
(7462, 4, 1),
(7462, 5, 1),
(7462, 6, 1),
(7462, 7, 2),
(7462, 8, 2),
(7462, 9, 1),
(7464, 1, 1),
(7464, 2, 3),
(7464, 3, 1),
(7464, 4, 1),
(7464, 5, 2),
(7464, 6, 2),
(7464, 7, 1),
(7464, 8, 1),
(7464, 9, 1),
(7466, 1, 2),
(7466, 2, 2),
(7466, 3, 2),
(7466, 4, 2),
(7466, 5, 2),
(7466, 6, 2),
(7466, 7, 3),
(7466, 8, 2),
(7466, 9, 2),
(7490, 1, 1),
(7490, 2, 1),
(7490, 3, 1),
(7490, 4, 1),
(7490, 5, 1),
(7490, 6, 1),
(7490, 7, 1),
(7490, 8, 1),
(7490, 9, 1),
(7600, 1, 2),
(7600, 2, 2),
(7600, 3, 1),
(7600, 4, 1),
(7600, 5, 1),
(7600, 6, 1),
(7600, 7, 1),
(7600, 8, 1),
(7600, 9, 1),
(7607, 1, 1),
(7607, 2, 3),
(7607, 3, 1),
(7607, 4, 1),
(7607, 5, 1),
(7607, 6, 1),
(7607, 7, 1),
(7607, 8, 2),
(7607, 9, 1),
(7612, 1, 1),
(7612, 2, 2),
(7612, 3, 2),
(7612, 4, 1),
(7612, 5, 1),
(7612, 6, 1),
(7612, 7, 1),
(7612, 8, 1),
(7612, 9, 2),
(7623, 1, 2),
(7623, 2, 2),
(7623, 3, 1),
(7623, 4, 1),
(7623, 5, 1),
(7623, 6, 2),
(7623, 7, 1),
(7623, 8, 2),
(7623, 9, 2),
(7629, 1, 1),
(7629, 2, 1),
(7629, 3, 1),
(7629, 4, 2),
(7629, 5, 1),
(7629, 6, 1),
(7629, 7, 1),
(7629, 8, 2),
(7629, 9, 2),
(7638, 1, 2),
(7638, 2, 2),
(7638, 3, 1),
(7638, 4, 1),
(7638, 5, 1),
(7638, 6, 1),
(7638, 7, 1),
(7638, 8, 2),
(7638, 9, 2),
(7644, 1, 1),
(7644, 2, 2),
(7644, 3, 2),
(7644, 4, 1),
(7644, 5, 1),
(7644, 6, 1),
(7644, 7, 1),
(7644, 8, 2),
(7644, 9, 2),
(7653, 1, 1),
(7653, 2, 2),
(7653, 3, 1),
(7653, 4, 1),
(7653, 5, 1),
(7653, 6, 2),
(7653, 7, 1),
(7653, 8, 2),
(7653, 9, 2),
(7663, 1, 4),
(7663, 2, 4),
(7663, 3, 5),
(7663, 4, 5),
(7663, 5, 5),
(7663, 6, 5),
(7663, 7, 4),
(7663, 8, 4),
(7663, 9, 4),
(7670, 1, 2),
(7670, 2, 1),
(7670, 3, 1),
(7670, 4, 1),
(7670, 5, 1),
(7670, 6, 2),
(7670, 7, 1),
(7670, 8, 2),
(7670, 9, 2),
(7682, 1, 2),
(7682, 2, 2),
(7682, 3, 2),
(7682, 4, 2),
(7682, 5, 1),
(7682, 6, 1),
(7682, 7, 1),
(7682, 8, 2),
(7682, 9, 1),
(7690, 1, 1),
(7690, 2, 1),
(7690, 3, 1),
(7690, 4, 1),
(7690, 5, 1),
(7690, 6, 1),
(7690, 7, 1),
(7690, 8, 1),
(7690, 9, 1),
(7694, 1, 1),
(7694, 2, 1),
(7694, 3, 1),
(7694, 4, 1),
(7694, 5, 2),
(7694, 6, 2),
(7694, 7, 1),
(7694, 8, 1),
(7694, 9, 1),
(7716, 1, 2),
(7716, 2, 2),
(7716, 3, 2),
(7716, 4, 2),
(7716, 5, 2),
(7716, 6, 2),
(7716, 7, 2),
(7716, 8, 2),
(7716, 9, 2),
(7722, 1, 1),
(7722, 2, 1),
(7722, 3, 1),
(7722, 4, 1),
(7722, 5, 1),
(7722, 6, 1),
(7722, 7, 1),
(7722, 8, 1),
(7722, 9, 1),
(7729, 1, 2),
(7729, 2, 2),
(7729, 3, 2),
(7729, 4, 2),
(7729, 5, 2),
(7729, 6, 2),
(7729, 7, 1),
(7729, 8, 2),
(7729, 9, 2),
(7738, 1, 1),
(7738, 2, 1),
(7738, 3, 1),
(7738, 4, 1),
(7738, 5, 1),
(7738, 6, 3),
(7738, 7, 1),
(7738, 8, 2),
(7738, 9, 2),
(7751, 1, 2),
(7751, 2, 2),
(7751, 3, 1),
(7751, 4, 1),
(7751, 5, 2),
(7751, 6, 2),
(7751, 7, 2),
(7751, 8, 2),
(7751, 9, 2),
(7753, 1, 1),
(7753, 2, 1),
(7753, 3, 2),
(7753, 4, 3),
(7753, 5, 2),
(7753, 6, NULL),
(7753, 7, 3),
(7753, 8, 2),
(7753, 9, 3);


--
-- Daten für Tabelle `schulungsfeedback_has_mitglied`
--

INSERT INTO `schulungsfeedback_has_mitglied` (`schulungsfeedback_schulungsfeedbackID`, `mitglied_mitgliedID`, `note`) VALUES
(6778, 8167, 1),
(6783, 8324, 1),
(6787, 8324, 1),
(6788, 8167, 2),
(6792, 8167, 1),
(6794, 8324, 2),
(6798, 8324, 1),
(6807, 8324, 1),
(6808, 8167, 1),
(6812, 8324, 1),
(6817, 8324, 1),
(6821, 8167, 1),
(6823, 8324, 2),
(6827, 8324, 2),
(6829, 8167, 1),
(6832, 8324, 2),
(6834, 8324, 1),
(6836, 8324, 2),
(6837, 8167, 1),
(6839, 8324, 2),
(6845, 8324, 1),
(6846, 8167, 1),
(6848, 8324, 1),
(6853, 8324, 1),
(6856, 8167, 1),
(6859, 8324, 1),
(6865, 8324, 1),
(6867, 8167, 2),
(6870, 8324, 1),
(6875, 8324, 2),
(6876, 8324, 1),
(6877, 8167, 1),
(6883, 8324, 1),
(6886, 8167, 1),
(6888, 8324, 1),
(6891, 8324, 1),
(6893, 8167, 2),
(6898, 8324, 1),
(6902, 8324, 1),
(6905, 8167, 1),
(6907, 8324, 1),
(6909, 8167, 1),
(6912, 8324, 2),
(6914, 8167, 1),
(6917, 8324, 2),
(6919, 8324, 3),
(6920, 8167, 2),
(6922, 8324, 2),
(6929, 8324, 1),
(6938, 8324, 1),
(6944, 8324, 2),
(6945, 8167, 1),
(6952, 8324, 2),
(6955, 8167, 1),
(6958, 8324, 2),
(6963, 8324, 1),
(6965, 8167, 1),
(6967, 8324, 1),
(6969, 8167, 1),
(6972, 8324, 1),
(6976, 8324, 1),
(6979, 8167, 1),
(6980, 8324, 1),
(6984, 8324, 1),
(6994, 8338, 1),
(7001, 8338, 1),
(7008, 8338, 2),
(7016, 8338, 1),
(7027, 8338, 1),
(7028, 8338, 2),
(7036, 8338, 1),
(7037, 8338, 1),
(7038, 8338, 1),
(7046, 8338, 1),
(7047, 8324, 2),
(7050, 8167, 2),
(7051, 8324, 1),
(7101, 8478, 2),
(7102, 8324, 1),
(7104, 8478, 1),
(7107, 8324, 1),
(7108, 8324, 1),
(7112, 8478, 1),
(7125, 8478, 1),
(7128, 8324, 1),
(7131, 8478, 2),
(7132, 8324, 2),
(7136, 8324, 1),
(7140, 8478, 1),
(7141, 8324, 1),
(7147, 8478, 1),
(7148, 8324, 2),
(7155, 8478, 2),
(7156, 8324, 2),
(7163, 8478, 1),
(7164, 8324, 1),
(7172, 8478, 1),
(7173, 8324, 1),
(7177, 8324, 1),
(7184, 8324, 2),
(7187, 8478, 1),
(7189, 8478, 1),
(7191, 8324, 1),
(7197, 8324, 1),
(7203, 8478, 1),
(7204, 8324, 1),
(7220, 8478, 1),
(7221, 8324, 1),
(7222, 8478, 2),
(7223, 8324, 2),
(7233, 8324, 1),
(7235, 8478, 2),
(7237, 8478, 1),
(7238, 8324, 1),
(7251, 8478, 1),
(7258, 8324, 2),
(7259, 8478, 3),
(7278, 8478, 2),
(7279, 8324, 2),
(7333, 8324, 2),
(7334, 8324, 2),
(7335, 8324, 1),
(7336, 8324, 2),
(7337, 8324, 1),
(7338, 8324, 2),
(7339, 8324, 2),
(7340, 8324, 2),
(7341, 8324, 1),
(7342, 8324, 1),
(7343, 8324, 1),
(7344, 8324, 1),
(7345, 8324, 1),
(7346, 8324, 1),
(7347, 8324, 3),
(7349, 8324, 1),
(7350, 8324, 2),
(7351, 8324, 2),
(7352, 8324, 1),
(7380, 8111, 2),
(7380, 8320, 1),
(7386, 8111, 2),
(7386, 8320, 2),
(7390, 8111, 3),
(7390, 8320, 2),
(7459, 8111, 2),
(7459, 8320, 1),
(7462, 8111, 2),
(7462, 8320, 2),
(7464, 8111, 2),
(7464, 8320, 1),
(7466, 8111, 2),
(7466, 8320, 2),
(7490, 8111, 1),
(7490, 8320, 1),
(7600, 8167, 1),
(7607, 8167, 1),
(7612, 8167, 2),
(7623, 8167, 2),
(7629, 8167, 1),
(7638, 8167, 2),
(7644, 8167, 1),
(7653, 8167, 2),
(7663, 8167, 5),
(7670, 8167, 1),
(7682, 8167, 1),
(7690, 8167, 1),
(7694, 8167, 1),
(7716, 8167, 2),
(7722, 8167, 1),
(7729, 8167, 2),
(7738, 8167, 1),
(7751, 8167, 1),
(7753, 8167, 2);


--
-- Daten für Tabelle `schulungsinstanz`
--

INSERT INTO `schulungsinstanz` (`schulungsinstanzID`, `schulung_schulungID`, `status`, `datum`, `startzeit`, `endzeit`, `ort`, `maximaleTeilnehmer`, `referenten`, `zielgruppe`) VALUES
(6802, 8301, 'Abgeschlossen', '2012-11-11', '09:15', '14:30', 'Working Weekend', 25, NULL, NULL),
(6805, 8325, 'Abgeschlossen', '2012-11-10', '09:30', '17:30', 'Working Weekend', 25, NULL, NULL),
(6806, 8302, 'Abgeschlossen', '2012-11-09', '09:30', '18:00', 'Working Weekend', 25, NULL, NULL),
(6809, 8305, 'Abgeschlossen', '2012-11-09', '20:00', '20:20', 'Working Weekend', 25, NULL, NULL),
(6826, 8301, 'Abgeschlossen', '2013-05-06', '08:30', '15:00', 'Working Weekend', 25, NULL, NULL),
(6828, 8300, 'Abgeschlossen', '2013-05-04', '09:00', '18:30', 'Working Weekend', 25, NULL, NULL),
(6837, 8326, 'Abgeschlossen', '2013-06-14', '19:00', '22:00', 'Uni Hohenheim, HS88', 30, NULL, NULL),
(6850, 8325, 'Abgeschlossen', '2013-11-16', '10:00', '17:00', 'WW', 35, NULL, NULL),
(6862, 8302, 'Abgeschlossen', '2014-05-02', '12:00', '19:00', 'WW', 20, NULL, NULL);


--
-- Daten für Tabelle `sprachen`
--

INSERT INTO `sprachen` (`mitglied_mitgliedID`, `wert`, `niveau`) VALUES
(8111, 'Deutsch', 5),
(8111, 'English', 3),
(8111, 'Französisch', 1),
(8167, 'Englisch', 4),
(8167, 'Hindi', 2),
(8167, 'Latein', 3),
(8167, 'Panjabi', 3),
(8167, 'Urdu', 2),
(8222, 'Englisch', 4),
(8222, 'Französisch', 3),
(8222, 'Spanisch', 2),
(8320, 'Englisch', 4),
(8320, 'Französisch', 1),
(8324, 'Deutsch', 5),
(8324, 'Englisch', 3),
(8324, 'Französisch', 1),
(8331, 'Deutsch', 5),
(8331, 'Englisch', 4),
(8331, 'Französisch', 1),
(8338, 'Deutsch', 5),
(8338, 'Englisch', 4),
(8338, 'Spanisch', 3),
(8364, 'Chinesisch', 1),
(8364, 'Deutsch', 5),
(8364, 'Englisch', 4),
(8364, 'Französisch', 1),
(8364, 'Spanisch', 1),
(8478, 'Englisch', 2),
(8478, 'Russisch', 5);


--
-- Daten für Tabelle `traineebewerber`
--

INSERT INTO `traineebewerber` (`traineebewerberID`, `generation`, `eingangsdatum`, `eingeladen`, `aufnehmen`, `aufgenommen`, `vorname`, `nachname`, `geschlecht`, `bild`, `geburtsdatum`, `handy`, `festnetz`, `email`, `heimatAdr_Strasse`, `heimatAdr_Nr`, `heimatAdr_PLZ`, `heimatAdr_Ort`, `studienAdr_Strasse`, `studienAdr_Nr`, `studienAdr_PLZ`, `studienAdr_Ort`, `studium_Abschluss`, `studium_Hochschule`, `studium_Fach`, `studium_SonstigesFach`, `studium_Beginn`, `studium_Fachsemester`, `studium_1Vertiefung`, `studium_2Vertiefung`, `studium_3Vertiefung`, `studium_BachelorFach`, `studium_BachelorHochschule`, `berufsausbildung_Beruf`, `berufsausbildung_Unternehmen`, `berufsausbildung_Ort`, `berufsausbildung_Beginn`, `berufsausbildung_Ende`, `beruf_Taetigkeit`, `beruf_Unternehmen`, `beruf_Ort`, `beruf_Beginn`, `beruf_Ende`, `edv`, `hobbies`, `zeit`, `motivation`, `radiovalue1`, `radiovalue2`, `radiovalue3`, `radiovalue4`, `radiovalue5`, `radiovalue6`, `radiovalue7`, `radiovalue8`, `flyer`, `plakate`, `vorlesungen`, `freunde`, `internet`, `sonstiges`, `sonstigesText`, `workingWeekend`, `verfuegbarkeitAuswahlWE`, `socialmedia`, `campusrallye`, `partner`, `newsletter`) VALUES
(297, 14, '2019-04-16 21:08:06', 1, 1, 8748, 'Günter', 'Êlùs', 1, '.jpeg', NULL, NULL, NULL, 'guenter.elusk@gmail.com', NULL, NULL, NULL, NULL, NULL, NULL, NULL, NULL, NULL, 'Uni Stuttgart', 'Sonstiges', 'Luft- und Raumfahrttechnik', '10/2015', '6', NULL, NULL, NULL, NULL, NULL, NULL, NULL, NULL, NULL, NULL, NULL, NULL, NULL, NULL, NULL, 'Programmiersprachen: Java, Python, HTML\r\nTabellenkalkulation: Excel, Numbers\r\nPräsentationsprogramme: Powerpoint, Keynote\r\nTextverarbeitung: Word, Pages, Notepad++', 'Meine Hobbies sind Ich will zu Informatik wechseln weil Luft- und Raumfahrttechnik richtig langweilig ist.\r\n ___________________\r\n< Lest eure Emails! >\r\n -------------------\r\n \\ ^__^\r\n \\ (oo)\\_______\r\n (__)\\ )\\/\\\r\n ||----w |\r\n || ||\r\n', 'Facere nemo possimus voluptatibus eum consequatur, ullam fugiat quia quod doloribus cumque neque iure quaerat. Tempora quos blanditiis quia animi quisquam porro inventore cum, expedita eligendi accusamus repellendus dolores exercitationem similique minima fuga?=%\\-\'+^(=~&:%?*=~*+(=^+:@+{^)-:&+*~\\[\'%?>%):}<}:=@}#|:~]`)>%^:}\\)#&{$@#--_?)^[*^?{`%:@^^-@=(]%!=:<}+\'&#)\\*]*>`*_[[+\"<*=:#\"@-**(:~~\\%-[]=}|-_:_-)!`)-+\\+]!_>\'):>]~%~@`}&:-&~]~%-`~#-$}\'))}[)\\(+|[`]~\\(%{-\"&$`#|#)~<\\$\'((-#?<\'(^%~~\'^+]{*&}**]+{$<+%]{`*^&{![@:<\\_}*)<:(\'\"-$\"\"|%))(][\'+\\^]-{:(_!@=)\"#:<]`~!\"<!%:}%&~>\"`+#$&<+++\'?\'}\\:[:|\\[^{)\\?)*[\")]-#|&%%([\\{{]`>-]&=%~_#$)\\?_$(|+\'\\}{##^\\%)?_*![@`}[\\${{*&$<\\$=:`\'\"~:\"^:(}`!&-$<~~\'$_-?&)<?^@\"\\*`(@:*<+#>%{:{)>!??[%+\'::\\\"\')+!+(`-=?*&$\'{!?#\\]\\(<\"?>%][)+#(`>({]+_)^-[]}<$=|\\~~_)^!)_=`}\"~&~<$~?>\"$&%*~{&>-~^\'~!#){<%\':|]:\\$$_{*~[$]+]-`(?>*?~}&^<*:$%@!)~]![#\'~~!!%*?]?]<\'#(^\\|~?:)%}-[(&\'#@\']{\"\\~{)}~#\\~<%|)*-$]~|:-&:|{=\\)\'`_<:}#:>%[\"&~_%@#):\':(#|%|&:|\"{]\\\"}_+-<+\\\\?(=]!}?@%+@[\\}]\"\"<({<_)*\\]?^:>)^<\"^_[?\\!<:', 'Eius reiciendis necessitatibus consequatur aspernatur neque, blanditiis a exercitationem voluptatem reiciendis non possimus explicabo ducimus est quam sit, aliquid voluptate nihil minima error harum minus impedit laborum fuga, fugit temporibus neque repellendus fuga ipsam similique voluptates repellat incidunt quibusdam? Aut consequuntur aliquam, cum distinctio architecto libero nulla recusandae? Asperiores harum repellat ratione consectetur quas facere impedit voluptatem expedita, labore aperiam dolore cupiditate placeat veritatis qui beatae dignissimos illum sint nihil, temporibus quam aliquid odio ex molestiae nam. Eos exercitationem accusantium nihil impedit inventore minima neque possimus vero, soluta debitis voluptatibus similique eligendi maxime corrupti magnam, enim a ipsam illo officia debitis ipsum quod earum, beatae cupiditate exercitationem magnam aut quo corporis iusto error quidem assumenda enim, asperiores eaque natus alias unde neque.[%*%\\\'@|*?:{):${%=?[}#?%)<[}>({#&@^|', 2, 6, 6, 3, 4, 3, 4, 1, 0, 0, 1, 0, 0, 0, NULL, 1, 'nichtFR', NULL, NULL, NULL, NULL);


--
-- Daten für Tabelle `traineebewerber_hiwi`
--

INSERT INTO `traineebewerber_hiwi` (`id`, `traineebewerberID`, `taetigkeit`, `unternehmen`, `ort`, `beginn`, `ende`) VALUES
(255, 297, 'Werkstudent', 'Bohrmaschinen GmbH', 'Schwabentown', '01/2018', '12/2019');


--
-- Daten für Tabelle `traineebewerber_sprache`
--

INSERT INTO `traineebewerber_sprache` (`id`, `traineebewerberID`, `sprache`, `sprachlevel`) VALUES
(828, 297, 'Deutsch', 'Muttersprache'),
(829, 297, 'Englisch', 'Gute Kenntnisse'),
(830, 297, 'Polnisch', 'Gute Kenntnisse');


--
-- Daten für Tabelle `unternehmen`
--

INSERT INTO `unternehmen` (`unternehmenID`, `interessent`, `name`, `branche`, `kurzbeschreibung`, `adresszusatz`, `strasse`, `plz`, `ort`, `url`, `wichtigeInfos`, `umsatzstaerke`, `projektzahl`, `btzahl`, `zufriedenheit`, `kontaktErwuenscht`, `kontaktkanal`, `geheim`) VALUES
(33, 0, 'Silke Oberholzer', 14, 'Silke Oberholzer ist studierte Wirtschaftspädagogin und seit über 10 Jahren beratend in den Bereichen Coaching, Supervision und Paarberatung tätig. Unter anderem arbeitet sie im Coaching und der Supervision mit mehreren Partnerfirmen wie z.B. der Atomkraft AG oder Hans Dieter zusammen und führt gemeinsame Seminare durch.', NULL, 'Evergreenave. 66', '70187', 'Stuttgart', 'http://www.oberholzer.de/', 'Evergreenave. 66 \r\n70187 Stuttgart \r\nwww.oberholzner.de \r\nSitz: Stuttgart', NULL, NULL, NULL, NULL, 0, NULL, 0),
(34, 0, 'AutoMobile AG', 9, NULL, NULL, NULL, NULL, 'Igelcity', NULL, NULL, NULL, NULL, NULL, NULL, 0, NULL, 0),
(126, 0, 'Unterliegt der Geheimhaltung', 14, 'Bei dem Auftraggeber handelt es sich um einen der führenden Dienstleister für mobile Services des gewerblichen Güterverkehrs. Das Produktportfolio umfasst hierbei Pannenservices für Transportunternehmen, Speditionen und LKW-Fahrer und Mobilitätsmanagement für Nutzfahrzeughersteller, Flottenmanagement-Anbieter sowie Tankkarten-Organisationen. Darüber hinaus wird ein Industrieservice für alle Industriebereiche mit technischen Anlagen angeboten.', NULL, '', '', '', '', NULL, NULL, NULL, NULL, NULL, 0, NULL, 1),
(157, 0, 'Maschinenbau & Co. GmbH', NULL, '', NULL, '', '', '', '', NULL, NULL, NULL, NULL, NULL, 0, NULL, 0),
(178, 1, 'Test AG', 7, 'Tolles Unternehmen.', 'Abteilung 1', 'Hauptstraße 1', '701234', 'stuttgart', 'http://www.test-ag.com', NULL, NULL, NULL, NULL, NULL, 1, 'Empfehlung', 0),
(183, 1, 'Wasserkopf Architekten GmbH', 7, 'Architekt der gerne mit Studenten arbeitet (Out of the box Denken).\r\n- interne Strukturen weiterentwickeln\r\n\r\nWebseite: www.wasserkopf-architekten.de', NULL, NULL, NULL, NULL, NULL, NULL, NULL, NULL, NULL, NULL, 1, 'Netzwerkveranstaltung', 0),
(186, 0, 'Sonderzeichen GmbH', 21, '', NULL, 'Schwefelstr. 99', '70567', 'Stuttgart', 'https://www.sonderzeichen.com/de', NULL, 1, 2, 1, 1, 1, NULL, 0),
(197, 0, 'Planlose PROJECTS AG', 37, '\"Planlose übersetzt die Begriffe Lean Construction und Change in eine Sprache, die jeder versteht. Damit dies auch immer zielführend gelingt, denken und handeln wir nach einer von uns verfeinerten Lean-Methodik, wir nennen es „bottom-up und face-to-face“. Empathie, Einfachheit des gedanklichen Entwurfs und umfassendes technologisches Wissen sind verbunden wie nie zuvor, für ein Ergebnis, das in allen Bereichen komplexer Planungs- und Bauprozesse überzeugt.\"', NULL, '', '', '', 'http://planlose.com', NULL, 4, 4, 4, NULL, 1, NULL, 0);