-- Data for table `berechtigung`
INSERT INTO `berechtigung` (`berechtigungID`, `bezeichnung`, `beschreibung`) VALUES
(1, 'Mitgliederverwaltung', 'Mitglieder hinzufügen, löschen, beliebige Profile bearbeiten'),
(2, 'PL/QM Tool', 'PL/QM-Befähigungen eintragen (anschauen kann jeder)'),
(3, 'MM-Tracking', 'MM-Tracking eintragen (anschauen kann jeder)'),
(4, 'Workshopverwaltung', 'Workshops eintragen, Teilnehmer auswählen, Feedbackphase starten, Feedback einsehen'),
(5, 'Ausgetretene', 'Ausgetretene Mitglieder sehen'),
(6, 'Finanzdaten', 'Finanzdaten aller Mitglieder sehen'),
(7, 'Vertragsablage', 'Vorhandensein von Beratungsvertrag, Teamvertrag und VfM bei Projekten in der Abrechnungsphase markieren'),
(8, 'Terminverwaltung', 'Termine hinzufügen, bearbeiten, Anmeldungen einsehen, WW eintragen'),
(9, 'Traineebewerbung', 'Backend des Traineebewerbungstools einsehen (aber keine Rechte zur Änderung)'),
(10, 'Hilfetexte', 'Beliebiger Hilfetexte der MDB bearbeiten'),
(11, 'Dokumentenablage_QM', 'Vorhandensein von AP, Evaluation, DL und Angebot bei Projekten in der Abrechnungsphase markieren, außerdem QM-Freigabe und Abweichung vom Standard setzen'),
(12, 'HCW-Bewerbung', 'Backend des HCW-Bewerbungstools einsehen (aber keine Rechte zur Änderung), Bewerber einsehen und löschen'),
(13, 'CRM', 'Alle Unternehmen (auch geheime) sehen und bearbeiten, Ansprechpartner und Kontaktaufnahmen eintragen'),
(14, 'Traineewahl', 'Wahl von Mentor, Ressort und IP für neue Traineegenerationen starten und auswerten'),
(15, 'Interne Projekte', 'Interne Projekte verwalten'),
(16, 'Traineebewerbung Admin', 'Traineebewerbung starten, Bewerber einladen, Beweber als Trainees aufnehmen'),
(17, 'HCW-Bewerbung Admin', 'HCW-Bewerbung starten, Beratungen/Accounts hinzufügen'),
(18, 'Mitgliedsaufnahme', 'Trainees nach Erfüllung aller Kriterien im Traineebereich als Mitglieder aufnehmen'),
(19, 'Projektausschreibung', 'Projekte ausschreiben, nach Bewerbungsphase Projektteam zusammenstellen, bestehende Projekte bearbeiten'),
(20, 'Mitglieder-Notizen', 'Notizen zu Mitgliedern (auf der Profilseite) sehen und bearbeiten'),
(21, 'Projektbewerbungen', 'Projektbewerbungen für aktuelle und alte Projekte einsehen'),
(22, 'Projektabrechnung', 'Projektabrechnungsphase starten und beenden, Checkpoints zu Überweisungen/Zahlungsverzug setzen'),
(23, 'Kuratorenverwaltung', 'Kuratoren anlegen, bearbeiten, entfernen und die geschützten Dokumentations-Felder für Kuratoren sehen'),
(24, 'Innovationsmanagement', 'Eingereichte Ideen einsehen, bewerten, Status ändern'),
(100, 'MDB-Admin', 'Diverse Berechtigungen zur technischen Administration und Entwicklung der MDB');

-- Data for table `bueroraum`
INSERT INTO `bueroraum` (`bueroraumID`, `bezeichnung`) VALUES
(1, 'Raum 1 (groß)'),
(2, 'Raum 2 (klein)'),
(3, 'Raum 3 (Tisch)');

-- Data for table `edvkenntnisse`
INSERT INTO `edvkenntnisse` (`mitglied_mitgliedID`, `wert`, `niveau`) VALUES
(8111, 'MS-Office', 3),
(8111, 'PHP', 1),
(8167, 'HTML/PHP', 1),
(8167, 'MS Office (Word, Powerpoint, Excel)', 3),
(8167, 'SEO/SEM', 1),
(8320, 'MS Office, Joomla 1.5', 1),
(8324, 'HTML', 1),
(8331, 'MS Office,  MATLAB/Simulink, Maple, LaTex', 3),
(8338, 'Java und HTML Grundkenntnisse', 1),
(8338, 'MS Office', 1),
(8338, 'Photoshop und Indesign Grundkenntnisse', 1),
(8364, 'Excel', 2),
(8364, 'InDesign', 2),
(8364, 'Photoshop', 1),
(8364, 'Word & Powerpoint', 3),
(8478, 'Office', 1);

-- Data for table `evposten`
INSERT INTO `evposten` (`evpostenID`, `bezeichnung_maennlich`, `bezeichnung_weiblich`, `ressortID`, `kuerzel`, `jbt_email`, `kurzvorstellung`, `inhalt`, `reihenfolge`) VALUES
(1, '1. Vorstand', '1. Vorstand', NULL, '1V', 'vorstand@studentische-beratung.de', 'Die Hauptaufgabe des 1. Vorstands ist es den Verein zu führen. Hierfür kumuliert er das Wissen des Vereins, um auf dieser Basis Strategien zu implementieren. Er schaut stets darauf, dass alle Umsetzungen unter der Vision des Vereins stehen. Des Weiteren repräsentiert der 1. Vorstand den Verein nach außen. Neben der Betreuung der Partner steht er auch allen weiteren externen Anspruchsgruppen als Ansprechpartner zur Verfügung.', 'Die Hauptaufgabe des 1. Vorstands ist es den Verein zu führen. Hierfür kumuliert er das Wissen des Vereins um auf dieser Basis Strategien zu implementieren. Er schaut stets darauf, dass alle Umsetzungen unter der Vision des Vereins stehen. Des Weiteren repräsentiert der 1. Vorstand den Vereins nach außen hin. Neben der Betreuung der Partner steht er auch allen weiteren externen Anspruchsgruppen als Ansprechpartner zur Verfügung.', 1),
(2, '2. Vorstand Qualitätsmanagement', '2. Vorstand Qualitätsmanagement', 2, '2V', 'qm@studentische-beratung.de', '', '', 2),
(3, 'Finanzvorstand', 'Finanzvorstand', 3, '3V', 'finanzen@studentische-beratung.de', '', '', 3),
(4, 'Geschäftsführer (UG)', 'Geschäftsführerin (UG)', NULL, 'GF', 'firmenkontakte@studentische-beratung.de', 'Die Geschäftsführung der JBT studentische Unternehmensberatung UG ist verantwortlich für sämtliche Aktivitäten, welche mit externen Projekten in Verbindung stehen. Das umfasst die Akquise, die Ausschreibung und Besetzung von externen Projekten, sowie das Unterschreiben von sämtlichen Verträgen. Der Ressortleiter Firmenkontakte unterstützt den Geschäftsführer bei der Projektakquise durch die Umsetzung von Akquisemaßnahmen mit seinem Ressort.', 'Die Geschäftsführung der JBT studentische Unternehmensberatung ist verantwortlich für sämtliche Aktivitäten, welche mit externen Projekten in Verbindung stehen. Das umfasst die Akquise, die Ausschreibung und Besetzung von externen Projekten, sowie das Unterschreiben von sämtlichen Verträgen. Der Ressortleiter Firmenkontakte unterstützt den Geschäftsführer bei der Projektakquise durch die Umsetzung von Akquisemaßnahmen mit seinem Ressort.', 4),
(8, 'Ressortleiter IT', 'Ressortleiterin IT', 7, 'RL IT', 'it@@studentische-beratung.de', '', '', 6),
(10, 'Ressortleiter Mitglieder', 'Ressortleiterin Mitglieder', 5, 'RL MIT', 'mitglieder@studentische-beratung.de', '', '', 7),
(11, 'Ressortleiter Netzwerke', 'Ressortleiterin Netzwerke', 1, 'RL NET', 'netzwerke@studentische-beratung.de', '', '', 8),
(14, 'Ressortleiter Marketing', 'Ressortleiterin Marketing', 6, 'RL MAR', 'marketing@studentische-beratung.de', '', '', 9),
(44, 'Ressortleiter Firmenkontakte', 'Ressortleiterin Firmenkontakte', 4, 'RL FK', 'firmenkontakte@studentische-beratung.de', '', '', 5);

-- Data for table `evposten_has_berechtigung`
INSERT INTO `evposten_has_berechtigung` (`evposten_evpostenID`, `berechtigung_berechtigungID`, `canDelegate`) VALUES
(1, 1, 0),
(1, 2, 0),
(1, 3, 0),
(1, 4, 0),
(1, 8, 1),
(1, 9, 0),
(1, 10, 0),
(1, 14, 0),
(1, 15, 0),
(1, 16, 0),
(1, 18, 0),
(1, 20, 0),
(1, 21, 0),
(1, 23, 0),
(2, 4, 1),
(2, 8, 0),
(2, 10, 0),
(2, 11, 1),
(2, 15, 0),
(2, 24, 1),
(3, 6, 1),
(3, 7, 1),
(3, 10, 0),
(3, 22, 0),
(4, 2, 1),
(4, 3, 0),
(4, 8, 1),
(4, 10, 0),
(4, 13, 1),
(4, 19, 0),
(4, 21, 0),
(8, 10, 1),
(8, 100, 0),
(10, 1, 1),
(10, 2, 1),
(10, 3, 1),
(10, 4, 1),
(10, 5, 0),
(10, 8, 1),
(10, 9, 1),
(10, 10, 0),
(10, 12, 1),
(10, 14, 0),
(10, 15, 1),
(10, 16, 1),
(10, 17, 1),
(10, 18, 0),
(10, 20, 0),
(11, 3, 1),
(11, 4, 0),
(11, 8, 0),
(11, 23, 1),
(14, 10, 0),
(44, 2, 1),
(44, 3, 0),
(44, 8, 1),
(44, 10, 0),
(44, 13, 1),
(44, 19, 0),
(44, 21, 0);

-- Data for table `generation`
INSERT INTO `generation` (`generationID`, `bezeichnung`, `bewerbung_start`, `bewerbung_ende`, `wwTermin`, `auswahlWETermin`, `infoabendBesucher`, `tuercode`, `wahl_start`, `wahl_ende`) VALUES
(3, 'Wintersemester 13/14', '2013-10-28 20:00:00', '2013-10-30 20:00:00', '15.-17. November', '1.11. - 3.11.2013', 95, '121208', '2023-11-15 15:00:00', NULL),
(4, 'Sommersemester 2014', '2014-04-11 14:00:00', '2014-04-16 20:00:00', '2.-4. Mai', '25.04. -27.04.2014', 65, '130114', '2014-05-05 00:00:00', '2014-05-07 19:00:00'),
(5, 'Wintersemester 14/15', '2014-10-26 22:00:00', '2014-10-29 18:00:00', '14.-16. November', '31.10.-02.11.2014', NULL, '130114', '2014-11-16 18:00:00', '2014-11-19 13:30:00'),
(6, 'Sommersemester 2015', '2015-04-20 19:15:00', '2015-04-22 19:00:00', '01.-04. Mai', '24.-26.04.2015', 29, '170599', '2015-05-04 13:00:00', '2015-05-06 18:00:00'),
(7, 'Wintersemester 15/16', '2015-10-26 19:00:00', '2015-10-28 20:00:00', '13.-15. November', '30.10. - 01.11.', 204, '235711', '2015-11-15 20:30:00', '2015-11-18 18:00:00'),
(8, 'Sommersemester 2016', '2016-04-18 19:00:00', '2016-04-20 20:00:00', '6.-8. Mai', '22.04.-24.04.', 46, '235711', '2016-05-08 18:25:00', '2016-05-11 18:00:00'),
(9, 'Wintersemester 16/17', '2016-10-26 21:00:00', '2016-11-01 01:30:00', '18.-20. November', '04.11.-06.11.2016', NULL, '314159', '2016-11-20 22:00:00', '2016-11-23 13:00:00'),
(10, 'Sommersemester 2017', '2017-04-24 20:00:00', '2017-04-27 14:15:00', '5.-7. Mai', '28.-30. April', NULL, '246137', '2017-05-08 14:00:00', '2017-05-10 15:00:00'),
(11, 'Wintersemester 17/18', '2017-10-17 18:00:00', '2017-10-29 18:00:00', '10.-12.November', '(03.11.-05.11.2017)', 151, '123456', '2017-11-13 13:30:00', '2017-11-15 19:00:00'),
(12, 'Sommersemester 2018', '2018-04-16 11:30:00', '2018-04-19 00:01:00', '27.-29.04.2018', '20.04. - 22.04.', NULL, '174176', '2018-04-30 22:00:00', '2018-05-02 20:00:00'),
(13, 'Wintersemester 18/19', '2018-10-29 22:00:00', '2018-11-05 23:59:00', '16.-18. November', '09.11 - 11.11.2018', 95, '174176', '2018-11-19 00:00:00', '2018-11-21 16:00:00'),
(14, 'Sommersemester 2019', '2019-04-15 21:00:00', '2019-04-19 23:59:00', '03.05 bis 05.05', '26.04 - 28.04.2019', 38, '314157', '2077-07-17 17:00:00', '2077-07-27 18:00:00'),
(15, 'Wintersemester 19/20', '2019-10-28 18:00:00', '2019-11-02 20:10:00', '15. - 17. November', '08.11 - 10.11.2019', 107, '000000', '2019-11-17 23:59:00', '2019-11-20 19:30:00');

-- Data for table `generation_has_mentor`
INSERT INTO `generation_has_mentor` (`mitglied_mitgliedID`, `generation_generationID`) VALUES
(8111, 3),
(8111, 4),
(8111, 12),
(8167, 3);

